0.000000,0.000000,-0.000000,0.000000,0.000000,-0.000000,-0.000000,-0.000000,-0.000000,0.000000,0.000000,-0.000000,0.000000,-0.000000,-0.000000,0.000000,0.000000,0.000000,-0.000000,0.000000,-0.000000,-0.000000,-0.000000,0.000000,-0.000000
-0.000000,0.000000,-0.000000,0.000000,0.000000,0.000000,-0.000000,0.000000,0.000000,0.000000,0.000000,-0.000000,-0.000000,-0.000000,-0.000000,-0.000000,0.000000,0.000000,-0.000000,-0.000000,-0.000000,0.000000,-0.000000,0.000000,-0.000000
-0.000000,-0.000000,0.000000,0.000000,0.000000,-0.000000,0.000000,0.000000,0.000000,-0.000000,0.000000,-0.000000,-0.000000,-0.000000,0.000000,-0.000000,0.000000,-0.000000,-0.000000,-0.000000,0.000000,-0.000000,-0.000000,-0.000000,0.000000
-0.188415,-0.161429,-0.089135,0.423279,-0.000033,0.000006,0.000008,-0.000012,-0.553020,0.050021,0.373794,0.222607,-0.397901,-0.275520,0.058374,-0.039806,0.000000,-0.000000,0.000000,0.000000,0.000000,-0.000000,0.000000,-0.000000,0.000000
0.215629,-0.012302,0.412640,0.178187,0.000005,0.000014,-0.000007,0.000015,-0.207116,0.037570,0.086206,-0.667734,-0.127689,0.088843,-0.152397,0.437957,0.000000,0.000000,-0.000000,0.000000,0.000000,0.000000,-0.000000,0.000000,-0.000000
-0.187811,-0.160911,-0.088849,0.421921,-0.629882,-0.143923,0.272171,-0.000423,0.005723,-0.000509,-0.003874,-0.002314,0.402174,0.278478,-0.059001,0.040234,-0.000000,-0.000000,-0.000000,-0.000000,0.000000,0.000000,-0.000000,0.000000,0.000000
0.214938,-0.012262,0.411317,0.177615,-0.040649,0.087804,-0.046566,0.692830,0.002153,-0.000381,-0.000855,0.006903,0.129060,-0.089797,0.154034,-0.442659,0.000000,0.000000,-0.000000,0.000000,-0.000000,-0.000000,0.000000,-0.000000,0.000000
0.000000,-0.000000,0.000000,-0.000000,0.000000,-0.000000,-0.000000,-0.000000,0.000000,-0.000000,-0.000000,-0.000000,-0.000000,0.000000,-0.000000,0.000000,0.000000,-0.000000,0.000000,-0.000000,0.000000,-0.000000,-0.000000,0.000000,-0.000000
0.000000,0.000000,-0.000000,0.000000,0.000000,-0.000000,0.000000,0.000000,0.000000,0.000000,-0.000000,0.000000,0.000000,-0.000000,-0.000000,-0.000000,-0.000000,0.000000,0.000000,0.000000,0.000000,0.000000,-0.000000,0.000000,-0.000000
-0.355121,-0.171092,0.253827,-0.169876,0.000004,-0.000014,-0.000017,0.000032,-0.329292,0.284695,-0.553117,0.046749,-0.170767,0.316640,0.331368,0.001286,-0.000000,-0.000000,0.000000,-0.000000,0.000000,0.000000,0.000000,-0.000000,-0.000000
0.201401,-0.439530,-0.077617,-0.094321,-0.000004,-0.000024,-0.000005,0.000024,-0.201116,-0.642373,-0.210989,-0.001001,0.188248,-0.234870,0.320611,0.214094,0.000000,-0.000000,-0.000000,0.000000,0.000000,-0.000000,-0.000000,-0.000000,0.000000
-0.353982,-0.170544,0.253013,-0.169331,-0.087971,0.673844,0.152611,-0.080302,0.003391,-0.002952,0.005672,-0.000476,0.172600,-0.320040,-0.334927,-0.001300,0.000000,-0.000000,-0.000000,-0.000000,0.000000,-0.000000,0.000000,0.000000,0.000000
0.200755,-0.438120,-0.077368,-0.094019,-0.292232,0.095153,-0.626105,-0.071286,0.002086,0.006621,0.002177,0.000011,-0.190270,0.237392,-0.324053,-0.216393,-0.000000,0.000000,0.000000,0.000000,-0.000000,0.000000,0.000000,-0.000000,-0.000000
-0.000000,-0.000000,0.000000,-0.000000,-0.000000,-0.000000,-0.000000,-0.000000,-0.000000,0.000000,0.000000,0.000000,0.000000,0.000000,-0.000000,0.000000,0.000000,-0.000000,-0.000000,-0.000000,0.000000,0.000000,0.000000,-0.000000,0.000000
-0.187811,-0.160911,-0.088849,0.421921,0.629883,0.143923,-0.272171,0.000423,0.005683,-0.000523,-0.003835,-0.002276,0.402174,0.278478,-0.059001,0.040234,0.000000,0.000000,0.000000,-0.000000,-0.000000,0.000000,0.000000,-0.000000,-0.000000
0.214937,-0.012262,0.411317,0.177615,0.040649,-0.087804,0.046566,-0.692830,0.002119,-0.000394,-0.000922,0.006868,0.129060,-0.089797,0.154034,-0.442659,-0.000000,0.000000,0.000000,-0.000000,0.000000,-0.000000,0.000000,-0.000000,-0.000000
-0.185926,-0.159296,-0.087957,0.417685,0.000032,-0.000006,-0.000008,0.000013,0.546152,-0.049399,-0.369153,-0.219842,-0.409208,-0.283349,0.060033,-0.040938,-0.000000,0.000000,-0.000000,-0.000000,-0.000000,-0.000000,-0.000000,0.000000,0.000000
0.212780,-0.012139,0.407187,0.175832,-0.000005,-0.000014,0.000007,-0.000015,0.204545,-0.037104,-0.085135,0.659442,-0.131317,0.091368,-0.156728,0.450402,0.000000,-0.000000,-0.000000,-0.000000,-0.000000,0.000000,-0.000000,0.000000,0.000000
-0.353982,-0.170544,0.253014,-0.169331,0.087971,-0.673844,-0.152611,0.080302,0.003400,-0.002919,0.005736,-0.000489,0.172601,-0.320040,-0.334927,-0.001300,0.000000,0.000000,0.000000,0.000000,0.000000,0.000000,-0.000000,0.000000,0.000000
0.200755,-0.438120,-0.077368,-0.094019,0.292233,-0.095153,0.626105,0.071286,0.002062,0.006627,0.002174,0.000009,-0.190270,0.237392,-0.324053,-0.216393,0.000000,-0.000000,-0.000000,-0.000000,-0.000000,0.000000,0.000000,0.000000,-0.000000
-0.350428,-0.168832,0.250473,-0.167631,-0.000005,0.000014,0.000017,-0.000031,0.325203,-0.281160,0.546249,-0.046168,-0.175619,0.325637,0.340785,0.001323,-0.000000,0.000000,0.000000,-0.000000,0.000000,0.000000,0.000000,-0.000000,-0.000000
0.198740,-0.433722,-0.076592,-0.093075,0.000004,0.000023,0.000005,-0.000024,0.198619,0.634397,0.208369,0.000988,0.193597,-0.241544,0.329721,0.220178,0.000000,0.000000,0.000000,-0.000000,0.000000,-0.000000,-0.000000,0.000000,0.000000
-0.000000,-0.000000,-0.000000,0.000000,-0.000000,0.000000,0.000000,0.000000,0.000000,-0.000000,-0.000000,0.000000,0.000000,-0.000000,-0.000000,-0.000000,0.000000,0.000000,-0.000000,-0.000000,-0.000000,-0.000000,0.000000,0.000000,-0.000000
0.000000,0.000000,0.000000,-0.000000,0.000000,0.000000,-0.000000,0.000000,0.000000,0.000000,0.000000,-0.000000,-0.000000,-0.000000,0.000000,0.000000,-0.000000,-0.000000,-0.000000,0.000000,0.000000,-0.000000,0.000000,0.000000,0.000000
0.000000,0.000000,-0.000000,-0.000000,-0.000000,-0.000000,0.000000,-0.000000,-0.000000,0.000000,-0.000000,0.000000,0.000000,-0.000000,-0.000000,-0.000000,-0.000000,0.000000,-0.000000,-0.000000,0.000000,0.000000,-0.000000,-0.000000,0.000000
-0.000000,-0.000000,-0.000000,0.000000,0.000000,-0.000000,-0.000000,0.000000,-0.000000,0.000000,-0.000000,0.000000,-0.000000,0.000000,-0.000000,0.000000,0.000000,-0.000000,-0.000000,0.000000,-0.000000,-0.000000,0.000000,0.000000,0.000000
0.000000,-0.000000,-0.000000,-0.000000,0.000000,0.000000,0.000000,0.000000,0.000000,-0.000000,0.000000,-0.000000,0.000000,-0.000000,0.000000,0.000000,0.000000,0.000000,0.000000,-0.000000,0.000000,0.000000,0.000000,-0.000000,-0.000000
-0.000000,0.000000,-0.000000,-0.000000,0.000000,-0.000000,0.000000,0.000000,-0.000000,0.000000,0.000000,-0.000000,-0.000000,0.000000,0.000000,-0.000000,0.000000,0.000000,0.000000,0.000000,-0.000000,-0.000000,0.000000,0.000000,0.000000
0.000000,0.000000,-0.000000,0.000000,0.000000,0.000000,0.000000,0.000000,0.000000,0.000000,-0.000000,-0.000000,0.000000,0.000000,-0.000000,0.000000,0.000000,-0.000000,-0.000000,0.000000,-0.000000,-0.000000,0.000000,0.000000,-0.000000
0.000000,0.000000,-0.000000,-0.000000,-0.000000,-0.000000,-0.000000,-0.000000,-0.000000,-0.000000,0.000000,0.000000,0.000000,-0.000000,-0.000000,0.000000,-0.000000,0.000000,0.000000,-0.000000,0.000000,0.000000,-0.000000,0.000000,-0.000000
-0.000000,-0.000000,0.000000,0.000000,0.000000,-0.000000,0.000000,-0.000000,-0.000000,0.000000,0.000000,0.000000,-0.000000,-0.000000,-0.000000,-0.000000,0.000000,-0.000000,0.000000,0.000000,0.000000,-0.000000,-0.000000,-0.000000,0.000000
0.000000,-0.000000,-0.000000,-0.000000,0.000000,-0.000000,0.000000,-0.000000,-0.000000,-0.000000,0.000000,-0.000000,0.000000,0.000000,-0.000000,-0.000000,-0.087591,0.030104,-0.115512,0.002924,-0.078027,-0.030901,-0.000003,0.000003,-0.000004
0.000000,-0.000000,-0.000000,-0.000000,0.000000,-0.000000,0.000000,-0.000000,-0.000000,0.000000,0.000000,0.000000,0.000000,0.000000,-0.000000,-0.000000,-0.082260,-0.042913,-0.033842,-0.069072,-0.191414,-0.048568,-0.000000,-0.000005,0.000004
-0.000000,-0.000000,0.000000,-0.000000,0.000000,-0.000000,-0.000000,-0.000000,-0.000000,0.000000,0.000000,-0.000000,0.000000,0.000000,0.000000,0.000000,-0.100511,0.034545,-0.132551,0.003355,-0.089537,-0.035459,0.059546,0.088193,-0.016740
-0.000000,-0.000000,-0.000000,-0.000000,0.000000,-0.000000,-0.000000,-0.000000,-0.000000,0.000000,-0.000000,-0.000000,0.000000,-0.000000,-0.000000,0.000000,-0.094394,-0.049243,-0.038834,-0.079261,-0.219649,-0.055732,-0.147829,-0.303311,-0.015470
-0.000000,0.000000,-0.000000,-0.000000,-0.000000,0.000000,0.000000,0.000000,-0.000000,-0.000000,-0.000000,-0.000000,0.000000,0.000000,0.000000,-0.000000,-0.000000,0.000000,0.000000,-0.000000,-0.000000,-0.000000,-0.000000,0.000000,0.000000
-0.000000,0.000000,0.000000,-0.000000,0.000000,0.000000,-0.000000,0.000000,-0.000000,-0.000000,0.000000,-0.000000,-0.000000,-0.000000,-0.000000,0.000000,-0.000000,0.000000,0.000000,-0.000000,-0.000000,0.000000,-0.000000,-0.000000,-0.000000
0.000000,-0.000000,-0.000000,-0.000000,0.000000,-0.000000,0.000000,0.000000,-0.000000,-0.000000,-0.000000,0.000000,0.000000,0.000000,-0.000000,-0.000000,-0.077344,0.256889,-0.148740,-0.193871,-0.037310,0.011514,0.000000,-0.000012,-0.000009
-0.000000,0.000000,0.000000,0.000000,-0.000000,0.000000,0.000000,0.000000,0.000000,0.000000,0.000000,0.000000,-0.000000,-0.000000,0.000000,0.000000,0.016518,0.114510,-0.031455,0.085841,0.029312,0.027242,-0.000002,-0.000000,-0.000007
-0.000000,0.000000,-0.000000,-0.000000,0.000000,-0.000000,-0.000000,-0.000000,-0.000000,0.000000,0.000000,-0.000000,0.000000,0.000000,0.000000,-0.000000,-0.088753,0.294782,-0.170680,-0.222469,-0.042814,0.013212,-0.105754,0.049699,0.342608
-0.000000,0.000000,-0.000000,-0.000000,0.000000,-0.000000,0.000000,-0.000000,0.000000,-0.000000,-0.000000,-0.000000,0.000000,0.000000,0.000000,-0.000000,0.018954,0.131401,-0.036095,0.098503,0.033636,0.031260,0.187437,-0.125642,0.444599
0.000000,0.000000,-0.000000,-0.000000,-0.000000,0.000000,-0.000000,0.000000,0.000000,-0.000000,0.000000,0.000000,-0.000000,0.000000,-0.000000,-0.000000,-0.000000,-0.000000,-0.000000,-0.000000,-0.000000,0.000000,0.000000,0.000000,-0.000000
0.000000,-0.000000,0.000000,-0.000000,-0.000000,-0.000000,0.000000,-0.000000,-0.000000,-0.000000,-0.000000,0.000000,-0.000000,-0.000000,-0.000000,0.000000,-0.100511,0.034545,-0.132551,0.003355,-0.089537,-0.035459,-0.059546,-0.088192,0.016739
-0.000000,-0.000000,-0.000000,-0.000000,-0.000000,-0.000000,-0.000000,-0.000000,-0.000000,-0.000000,-0.000000,0.000000,0.000000,-0.000000,0.000000,0.000000,-0.094394,-0.049243,-0.038834,-0.079261,-0.219649,-0.055732,0.147829,0.303310,0.015471
-0.000000,-0.000000,0.000000,-0.000000,0.000000,-0.000000,-0.000000,-0.000000,-0.000000,0.000000,0.000000,0.000000,-0.000000,-0.000000,0.000000,0.000000,-0.114144,0.039231,-0.150529,0.003810,-0.101681,-0.040269,0.000003,-0.000003,0.000004
-0.000000,0.000000,-0.000000,-0.000000,-0.000000,-0.000000,-0.000000,-0.000000,0.000000,0.000000,-0.000000,0.000000,-0.000000,-0.000000,0.000000,0.000000,-0.107197,-0.055923,-0.044101,-0.090012,-0.249442,-0.063292,0.000000,0.000005,-0.000004
-0.000000,0.000000,-0.000000,0.000000,0.000000,0.000000,0.000000,-0.000000,-0.000000,-0.000000,0.000000,0.000000,0.000000,-0.000000,0.000000,0.000000,-0.088753,0.294782,-0.170680,-0.222469,-0.042814,0.013212,0.105754,-0.049702,-0.342611
-0.000000,0.000000,-0.000000,0.000000,0.000000,0.000000,0.000000,0.000000,-0.000000,-0.000000,-0.000000,0.000000,-0.000000,-0.000000,-0.000000,0.000000,0.018954,0.131401,-0.036095,0.098503,0.033636,0.031260,-0.187438,0.125642,-0.444601
0.000000,-0.000000,0.000000,-0.000000,0.000000,-0.000000,-0.000000,-0.000000,-0.000000,0.000000,0.000000,0.000000,-0.000000,-0.000000,-0.000000,0.000000,-0.100791,0.334765,-0.193830,-0.252644,-0.048621,0.015004,-0.000000,0.000012,0.000009
0.000000,-0.000000,0.000000,0.000000,-0.000000,0.000000,0.000000,0.000000,-0.000000,0.000000,-0.000000,0.000000,0.000000,0.000000,-0.000000,-0.000000,0.021525,0.149224,-0.040991,0.111863,0.038199,0.035500,0.000002,-0.000000,0.000007
-0.000000,-0.000000,0.000000,0.000000,-0.000000,0.000000,-0.000000,-0.000000,-0.000000,-0.000000,0.000000,0.000000,-0.000000,-0.000000,-0.000000,0.000000,0.000000,0.000000,-0.000000,-0.000000,0.000000,-0.000000,0.000000,-0.000000,-0.000000
-0.000000,0.000000,0.000000,0.000000,0.000000,0.000000,0.000000,0.000000,0.000000,-0.000000,0.000000,-0.000000,0.000000,0.000000,0.000000,-0.000000,-0.000000,0.000000,0.000000,-0.000000,0.000000,0.000000,-0.000000,0.000000,0.000000
0.000000,-0.000000,-0.000000,0.000000,-0.000000,-0.000000,-0.000000,0.000000,-0.000000,0.000000,-0.000000,0.000000,-0.000000,-0.000000,0.000000,-0.000000,-0.000000,0.000000,0.000000,-0.000000,0.000000,0.000000,-0.000000,-0.000000,0.000000
0.000000,-0.000000,0.000000,0.000000,-0.000000,0.000000,-0.000000,-0.000000,0.000000,-0.000000,0.000000,0.000000,0.000000,0.000000,-0.000000,0.000000,-0.000000,0.000000,0.000000,-0.000000,0.000000,-0.000000,0.000000,-0.000000,-0.000000
0.000000,-0.000000,-0.000000,0.000000,0.000000,-0.000000,-0.000000,0.000000,-0.000000,-0.000000,0.000000,0.000000,-0.000000,-0.000000,-0.000000,-0.000000,-0.000000,0.000000,-0.000000,-0.000000,0.000000,0.000000,0.000000,0.000000,-0.000000
-0.000000,-0.000000,0.000000,-0.000000,-0.000000,0.000000,-0.000000,-0.000000,0.000000,-0.000000,-0.000000,-0.000000,0.000000,0.000000,0.000000,-0.000000,0.000000,-0.000000,0.000000,0.000000,0.000000,-0.000000,0.000000,0.000000,-0.000000
0.000000,-0.000000,0.000000,0.000000,-0.000000,0.000000,-0.000000,-0.000000,-0.000000,-0.000000,0.000000,-0.000000,0.000000,-0.000000,0.000000,0.000000,-0.000000,-0.000000,0.000000,0.000000,0.000000,-0.000000,-0.000000,-0.000000,-0.000000
-0.000000,0.000000,-0.000000,0.000000,-0.000000,-0.000000,-0.000000,-0.000000,0.000000,0.000000,0.000000,-0.000000,-0.000000,0.000000,-0.000000,0.000000,-0.000000,0.000000,0.000000,-0.000000,0.000000,0.000000,-0.000000,0.000000,-0.000000
-0.000000,0.000000,0.000000,0.000000,-0.000000,-0.000000,0.000000,-0.000000,0.000000,0.000000,-0.000000,0.000000,-0.000000,0.000000,-0.000000,0.000000,0.000000,-0.000000,0.000000,-0.000000,0.000000,-0.000000,-0.000000,-0.000000,0.000000
-0.000000,-0.000000,0.000000,0.000000,0.003402,0.000777,-0.001470,0.000002,-0.000000,-0.000000,0.000000,0.000000,0.000000,-0.000000,-0.000000,0.000000,-0.064132,-0.078130,0.128215,0.000293,-0.131086,0.011485,-0.000002,0.000001,-0.000006
-0.000000,0.000000,-0.000000,-0.000000,0.000220,-0.000474,0.000252,-0.003742,-0.000000,-0.000000,-0.000000,-0.000000,-0.000000,0.000000,0.000000,-0.000000,0.099622,-0.081771,-0.019928,0.008178,0.049464,-0.063826,0.000005,-0.000002,0.000002
-0.001385,-0.001186,-0.000655,0.003110,-0.005097,-0.001165,0.002203,-0.000003,0.003390,-0.000307,-0.002292,-0.001365,0.003506,0.002428,-0.000514,0.000351,-0.073592,-0.089655,0.147128,0.000336,-0.150423,0.013179,-0.046683,-0.134675,0.174726
0.001585,-0.000090,0.003032,0.001309,-0.000329,0.000710,-0.000377,0.005607,0.001270,-0.000230,-0.000528,0.004093,0.001125,-0.000783,0.001343,-0.003859,0.114317,-0.093833,-0.022868,0.009385,0.056760,-0.073241,0.264474,0.011022,0.089728
0.000000,-0.000000,0.000000,0.000000,0.000000,0.000000,-0.000000,0.000000,-0.000000,0.000000,-0.000000,0.000000,0.000000,0.000000,0.000000,0.000000,-0.000000,-0.000000,0.000000,-0.000000,0.000000,-0.000000,0.000000,-0.000000,-0.000000
-0.000000,0.000000,-0.000000,0.000000,-0.000000,-0.000000,0.000000,-0.000000,-0.000000,0.000000,0.000000,0.000000,-0.000000,-0.000000,0.000000,0.000000,-0.000000,0.000000,-0.000000,0.000000,0.000000,-0.000000,-0.000000,0.000000,0.000000
0.000000,-0.000000,0.000000,-0.000000,0.000475,-0.003640,-0.000824,0.000434,0.000000,0.000000,0.000000,-0.000000,0.000000,0.000000,0.000000,-0.000000,-0.246375,-0.026384,-0.021340,0.105856,0.045515,-0.026945,-0.000001,0.000006,-0.000001
-0.000000,-0.000000,0.000000,0.000000,0.001578,-0.000514,0.003382,0.000385,-0.000000,0.000000,-0.000000,0.000000,0.000000,-0.000000,0.000000,-0.000000,0.010682,-0.120838,-0.190474,0.018791,-0.013045,0.184734,0.000000,0.000001,-0.000005
-0.002610,-0.001257,0.001865,-0.001248,-0.000712,0.005453,0.001235,-0.000650,0.002019,-0.001745,0.003390,-0.000287,0.001505,-0.002790,-0.002920,-0.000011,-0.282718,-0.030276,-0.024487,0.121471,0.052229,-0.030919,-0.037224,0.271705,0.147154
0.001480,-0.003230,-0.000570,-0.000693,-0.002365,0.000770,-0.005067,-0.000577,0.001233,0.003938,0.001293,0.000006,-0.001659,0.002070,-0.002825,-0.001887,0.012257,-0.138663,-0.218571,0.021563,-0.014969,0.211984,-0.291109,0.069410,-0.006620
-0.000000,-0.000000,0.000000,-0.000000,0.000000,-0.000000,-0.000000,0.000000,0.000000,-0.000000,0.000000,0.000000,0.000000,0.000000,-0.000000,0.000000,0.000000,-0.000000,-0.000000,-0.000000,0.000000,0.000000,0.000000,-0.000000,-0.000000
0.001385,0.001186,0.000655,-0.003110,-0.005098,-0.001165,0.002203,-0.000003,-0.003390,0.000307,0.002291,0.001364,-0.003506,-0.002428,0.000514,-0.000351,-0.073592,-0.089655,0.147128,0.000336,-0.150423,0.013179,0.046682,0.134675,-0.174728
-0.001585,0.000090,-0.003032,-0.001309,-0.000329,0.000711,-0.000377,0.005607,-0.001269,0.000230,0.000529,-0.004093,-0.001125,0.000783,-0.001343,0.003859,0.114317,-0.093833,-0.022868,0.009385,0.056760,-0.073241,-0.264473,-0.011022,-0.089727
0.000000,0.000000,0.000000,-0.000000,-0.004279,-0.000978,0.001849,-0.000003,0.000000,0.000000,-0.000000,-0.000000,-0.000000,-0.000000,-0.000000,-0.000000,-0.083574,-0.101815,0.167084,0.000382,-0.170826,0.014966,0.000002,-0.000000,0.000006
0.000000,-0.000000,-0.000000,0.000000,-0.000276,0.000596,-0.000316,0.004707,0.000000,0.000000,0.000000,0.000000,0.000000,0.000000,-0.000000,0.000000,0.129822,-0.106560,-0.025970,0.010658,0.064459,-0.083175,-0.000005,0.000002,-0.000002
0.002610,0.001257,-0.001865,0.001248,-0.000712,0.005453,0.001235,-0.000650,-0.002019,0.001745,-0.003391,0.000287,-0.001505,0.002790,0.002920,0.000011,-0.282718,-0.030276,-0.024487,0.121471,0.052229,-0.030920,0.037224,-0.271704,-0.147154
-0.001480,0.003230,0.000570,0.000693,-0.002365,0.000770,-0.005067,-0.000577,-0.001233,-0.003938,-0.001293,-0.000006,0.001659,-0.002070,0.002825,0.001887,0.012257,-0.138663,-0.218571,0.021563,-0.014969,0.211984,0.291108,-0.069409,0.006619
-0.000000,-0.000000,0.000000,-0.000000,-0.000598,0.004578,0.001037,-0.000546,-0.000000,-0.000000,-0.000000,0.000000,-0.000000,-0.000000,-0.000000,0.000000,-0.321065,-0.034383,-0.027809,0.137947,0.059313,-0.035113,0.000001,-0.000006,0.000001
0.000000,-0.000000,0.000000,0.000000,-0.001985,0.000646,-0.004253,-0.000484,0.000000,-0.000000,0.000000,0.000000,-0.000000,-0.000000,0.000000,-0.000000,0.013920,-0.157471,-0.248217,0.024488,-0.017000,0.240737,-0.000000,-0.000001,0.000005
0.000000,0.000000,0.000000,0.000000,0.000000,-0.000000,0.000000,-0.000000,-0.000000,0.000000,0.000000,-0.000000,-0.000000,0.000000,-0.000000,-0.000000,-0.000000,0.000000,0.000000,0.000000,-0.000000,-0.000000,0.000000,0.000000,0.000000
0.000000,-0.000000,0.000000,-0.000000,-0.000000,-0.000000,0.000000,0.000000,-0.000000,0.000000,-0.000000,-0.000000,0.000000,-0.000000,-0.000000,0.000000,0.000000,0.000000,0.000000,-0.000000,0.000000,0.000000,-0.000000,0.000000,0.000000
0.000000,-0.000000,0.000000,-0.000000,-0.000000,0.000000,-0.000000,-0.000000,-0.000000,-0.000000,-0.000000,-0.000000,0.000000,0.000000,0.000000,-0.000000,-0.000000,-0.000000,0.000000,-0.000000,0.000000,0.000000,0.000000,-0.000000,0.000000
-0.000000,-0.000000,0.000000,-0.000000,0.000000,-0.000000,-0.000000,-0.000000,-0.000000,-0.000000,-0.000000,0.000000,0.000000,-0.000000,0.000000,0.000000,-0.000000,0.000000,-0.000000,0.000000,-0.000000,-0.000000,-0.000000,-0.000000,0.000000
-0.000000,-0.000000,-0.000000,-0.000000,-0.000000,0.000000,-0.000000,-0.000000,-0.000000,0.000000,-0.000000,-0.000000,-0.000000,0.000000,-0.000000,-0.000000,-0.000000,0.000000,-0.000000,0.000000,0.000000,-0.000000,-0.000000,-0.000000,0.000000
-0.000000,0.000000,0.000000,0.000000,0.000000,0.000000,0.000000,-0.000000,-0.000000,0.000000,-0.000000,0.000000,-0.000000,0.000000,-0.000000,0.000000,0.000000,0.000000,0.000000,-0.000000,-0.000000,0.000000,-0.000000,0.000000,-0.000000
0.000000,-0.000000,0.000000,-0.000000,0.000000,-0.000000,-0.000000,-0.000000,-0.000000,-0.000000,-0.000000,0.000000,-0.000000,0.000000,0.000000,0.000000,0.000000,-0.000000,0.000000,-0.000000,0.000000,-0.000000,-0.000000,-0.000000,0.000000
0.000000,0.000000,-0.000000,-0.000000,-0.000000,0.000000,-0.000000,-0.000000,-0.000000,-0.000000,-0.000000,-0.000000,0.000000,-0.000000,0.000000,0.000000,0.000000,-0.000000,0.000000,-0.000000,-0.000000,0.000000,0.000000,0.000000,0.000000
0.000000,-0.000000,0.000000,-0.000000,0.000000,-0.000000,-0.000000,0.000000,0.000000,0.000000,0.000000,0.000000,0.000000,-0.000000,-0.000000,-0.000000,-0.000000,0.000000,-0.000000,0.000000,0.000000,0.000000,-0.000000,0.000000,0.000000
0.000000,-0.000000,-0.000000,0.000000,-0.000000,-0.000000,-0.000000,-0.000000,-0.000000,-0.000000,0.000000,0.000000,-0.000000,0.000000,0.000000,0.000000,0.000000,-0.000000,0.000000,0.000000,-0.000000,-0.000000,-0.001217,-0.001803,0.000342
0.000000,0.000000,0.000000,-0.000000,0.000000,0.000000,0.000000,0.000000,-0.000000,0.000000,-0.000000,0.000000,0.000000,-0.000000,0.000000,-0.000000,-0.000000,0.000000,-0.000000,-0.000000,0.000000,0.000000,0.003022,0.006200,0.000316
-0.000000,0.000000,0.000000,0.000000,-0.000000,0.000000,-0.000000,-0.000000,-0.000000,0.000000,0.000000,0.000000,0.000000,0.000000,-0.000000,0.000000,-0.003367,0.001157,-0.004440,0.000112,-0.002999,-0.001188,0.002019,0.002990,-0.000567
0.000000,0.000000,0.000000,-0.000000,0.000000,-0.000000,-0.000000,0.000000,-0.000000,-0.000000,-0.000000,-0.000000,0.000000,-0.000000,-0.000000,-0.000000,-0.003162,-0.001650,-0.001301,-0.002655,-0.007358,-0.001867,-0.005012,-0.010284,-0.000525
-0.000000,-0.000000,-0.000000,0.000000,0.000000,-0.000000,0.000000,0.000000,-0.000000,-0.000000,0.000000,0.000000,-0.000000,0.000000,0.000000,0.000000,-0.000000,-0.000000,0.000000,-0.000000,-0.000000,-0.000000,-0.000000,-0.000000,-0.000000
-0.000000,0.000000,0.000000,0.000000,-0.000000,0.000000,0.000000,0.000000,0.000000,-0.000000,0.000000,0.000000,-0.000000,-0.000000,0.000000,-0.000000,-0.000000,0.000000,0.000000,-0.000000,-0.000000,-0.000000,0.000000,-0.000000,-0.000000
-0.000000,0.000000,-0.000000,-0.000000,-0.000000,-0.000000,-0.000000,0.000000,-0.000000,-0.000000,0.000000,0.000000,-0.000000,0.000000,-0.000000,0.000000,-0.000000,0.000000,0.000000,-0.000000,-0.000000,0.000000,0.002162,-0.001016,-0.007004
-0.000000,-0.000000,-0.000000,0.000000,-0.000000,0.000000,-0.000000,0.000000,-0.000000,-0.000000,0.000000,-0.000000,-0.000000,-0.000000,-0.000000,0.000000,0.000000,0.000000,-0.000000,-0.000000,-0.000000,0.000000,-0.003832,0.002568,-0.009089
0.000000,-0.000000,-0.000000,-0.000000,0.000000,-0.000000,-0.000000,0.000000,-0.000000,0.000000,0.000000,0.000000,-0.000000,0.000000,0.000000,0.000000,-0.002973,0.009874,-0.005717,-0.007452,-0.001434,0.000443,-0.003586,0.001685,0.011616
0.000000,-0.000000,0.000000,-0.000000,0.000000,0.000000,0.000000,0.000000,-0.000000,-0.000000,0.000000,0.000000,0.000000,0.000000,-0.000000,0.000000,0.000635,0.004402,-0.001209,0.003300,0.001127,0.001047,0.006355,-0.004260,0.015075
0.000000,-0.000000,-0.000000,0.000000,-0.000000,-0.000000,-0.000000,-0.000000,0.000000,-0.000000,0.000000,-0.000000,-0.000000,-0.000000,-0.000000,0.000000,-0.000000,0.000000,0.000000,0.000000,-0.000000,-0.000000,0.000000,0.000000,0.000000
-0.000000,0.000000,0.000000,0.000000,0.000000,0.000000,-0.000000,-0.000000,0.000000,-0.000000,0.000000,-0.000000,-0.000000,-0.000000,-0.000000,-0.000000,0.003367,-0.001157,0.004440,-0.000112,0.002999,0.001188,0.002019,0.002990,-0.000568
-0.000000,0.000000,0.000000,0.000000,0.000000,-0.000000,0.000000,-0.000000,-0.000000,-0.000000,-0.000000,0.000000,-0.000000,-0.000000,-0.000000,-0.000000,0.003162,0.001650,0.001301,0.002655,0.007358,0.001867,-0.005012,-0.010284,-0.000524
0.000000,-0.000000,-0.000000,0.000000,-0.000000,-0.000000,-0.000000,-0.000000,0.000000,-0.000000,0.000000,-0.000000,-0.000000,0.000000,-0.000000,0.000000,0.000000,0.000000,-0.000000,-0.000000,-0.000000,-0.000000,0.001633,0.002418,-0.000459
0.000000,0.000000,0.000000,-0.000000,0.000000,0.000000,0.000000,0.000000,-0.000000,-0.000000,-0.000000,-0.000000,0.000000,-0.000000,-0.000000,-0.000000,-0.000000,-0.000000,0.000000,0.000000,0.000000,-0.000000,-0.004053,-0.008316,-0.000424
0.000000,-0.000000,0.000000,0.000000,-0.000000,-0.000000,-0.000000,-0.000000,0.000000,-0.000000,0.000000,-0.000000,-0.000000,0.000000,0.000000,0.000000,0.002973,-0.009874,0.005717,0.007452,0.001434,-0.000443,-0.003586,0.001685,0.011616
-0.000000,0.000000,0.000000,0.000000,-0.000000,-0.000000,-0.000000,-0.000000,0.000000,-0.000000,0.000000,0.000000,-0.000000,0.000000,-0.000000,0.000000,-0.000635,-0.004402,0.001209,-0.003300,-0.001127,-0.001047,0.006355,-0.004260,0.015074
0.000000,-0.000000,0.000000,-0.000000,-0.000000,0.000000,0.000000,-0.000000,0.000000,0.000000,-0.000000,0.000000,0.000000,0.000000,-0.000000,0.000000,-0.000000,0.000000,0.000000,-0.000000,-0.000000,-0.000000,-0.002900,0.001363,0.009394
-0.000000,-0.000000,-0.000000,-0.000000,-0.000000,-0.000000,-0.000000,0.000000,0.000000,0.000000,-0.000000,0.000000,0.000000,0.000000,-0.000000,0.000000,0.000000,-0.000000,0.000000,-0.000000,0.000000,0.000000,0.005139,-0.003445,0.012190
-0.000000,0.000000,0.000000,0.000000,-0.000000,-0.000000,0.000000,-0.000000,-0.000000,-0.000000,0.000000,-0.000000,-0.000000,-0.000000,-0.000000,0.000000,-0.000000,-0.000000,0.000000,-0.000000,0.000000,-0.000000,0.000000,-0.000000,-0.000000
-0.000000,-0.000000,0.000000,0.000000,0.000000,-0.000000,-0.000000,0.000000,0.000000,-0.000000,0.000000,0.000000,0.000000,0.000000,-0.000000,0.000000,-0.000000,0.000000,-0.000000,0.000000,-0.000000,-0.000000,-0.000000,0.000000,0.000000
0.000000,-0.000000,-0.000000,-0.000000,-0.000000,0.000000,-0.000000,0.000000,-0.000000,-0.000000,-0.000000,0.000000,-0.000000,-0.000000,-0.000000,0.000000,0.000000,-0.000000,0.000000,0.000000,-0.000000,0.000000,0.000000,0.000000,0.000000
0.000000,-0.000000,0.000000,0.000000,0.000000,-0.000000,-0.000000,-0.000000,0.000000,-0.000000,-0.000000,-0.000000,-0.000000,0.000000,-0.000000,0.000000,-0.000000,0.000000,0.000000,-0.000000,0.000000,0.000000,0.000000,-0.000000,-0.000000
-0.000000,0.000000,0.000000,0.000000,0.000000,0.000000,0.000000,0.000000,-0.000000,-0.000000,-0.000000,0.000000,0.000000,-0.000000,-0.000000,0.000000,0.000000,0.000000,-0.000000,-0.000000,0.000000,-0.000000,-0.000000,-0.000000,0.000000
0.000000,-0.000000,0.000000,0.000000,0.000000,-0.000000,-0.000000,0.000000,0.000000,0.000000,0.000000,0.000000,0.000000,-0.000000,-0.000000,0.000000,0.000000,-0.000000,-0.000000,-0.000000,0.000000,0.000000,0.000000,-0.000000,-0.000000
0.000000,0.000000,-0.000000,0.000000,0.000000,-0.000000,0.000000,-0.000000,0.000000,-0.000000,0.000000,-0.000000,0.000000,-0.000000,-0.000000,0.000000,-0.000000,-0.000000,-0.000000,-0.000000,0.000000,-0.000000,0.000000,0.000000,0.000000
-0.000000,0.000000,-0.000000,0.000000,0.000000,-0.000000,-0.000000,0.000000,0.000000,0.000000,0.000000,-0.000000,-0.000000,-0.000000,0.000000,-0.000000,0.000000,0.000000,-0.000000,-0.000000,-0.000000,-0.000000,0.000000,-0.000000,-0.000000
-0.000000,0.000000,-0.000000,0.000000,0.000000,0.000000,-0.000000,-0.000000,-0.000000,0.000000,-0.000000,0.000000,-0.000000,0.000000,-0.000000,-0.000000,0.000000,0.000000,0.000000,-0.000000,-0.000000,-0.000000,0.000000,-0.000000,-0.000000
0.000719,0.000616,0.000340,-0.001616,0.000001,-0.000000,-0.000000,0.000000,0.009730,-0.000880,-0.006576,-0.003916,0.012580,0.008710,-0.001845,0.001258,-0.000000,-0.000000,0.000000,0.000000,0.000000,-0.000000,0.000954,0.002753,-0.003572
-0.000823,0.000047,-0.001575,-0.000680,-0.000000,-0.000000,0.000000,-0.000000,0.003644,-0.000661,-0.001517,0.011748,0.004037,-0.002809,0.004818,-0.013846,-0.000000,0.000000,-0.000000,0.000000,-0.000000,-0.000000,-0.005406,-0.000225,-0.001834
0.004337,0.003716,0.002052,-0.009744,0.023868,0.005454,-0.010313,0.000016,-0.000649,0.000058,0.000439,0.000262,-0.021383,-0.014806,0.003137,-0.002139,-0.002465,-0.003003,0.004928,0.000011,-0.005039,0.000441,-0.001583,-0.004566,0.005924
-0.004964,0.000283,-0.009499,-0.004102,0.001540,-0.003327,0.001765,-0.026253,-0.000244,0.000044,0.000100,-0.000784,-0.006862,0.004774,-0.008190,0.023536,0.003829,-0.003143,-0.000766,0.000314,0.001901,-0.002453,0.008967,0.000374,0.003042
-0.000000,-0.000000,-0.000000,0.000000,0.000000,0.000000,0.000000,0.000000,0.000000,0.000000,0.000000,-0.000000,0.000000,0.000000,-0.000000,-0.000000,0.000000,0.000000,-0.000000,0.000000,0.000000,-0.000000,-0.000000,0.000000,0.000000
0.000000,0.000000,0.000000,0.000000,-0.000000,-0.000000,-0.000000,-0.000000,-0.000000,0.000000,0.000000,0.000000,0.000000,-0.000000,-0.000000,-0.000000,0.000000,0.000000,-0.000000,-0.000000,0.000000,0.000000,0.000000,-0.000000,0.000000
0.001356,0.000653,-0.000969,0.000649,-0.000000,0.000000,0.000000,-0.000001,0.005793,-0.005009,0.009731,-0.000822,0.005399,-0.010011,-0.010476,-0.000041,0.000000,0.000000,-0.000000,-0.000000,-0.000000,-0.000000,0.000761,-0.005554,-0.003008
-0.000769,0.001678,0.000296,0.000360,0.000000,0.000000,0.000000,-0.000000,0.003538,0.011302,0.003712,0.000018,-0.005951,0.007425,-0.010136,-0.006769,-0.000000,-0.000000,0.000000,0.000000,-0.000000,-0.000000,0.005951,-0.001419,0.000135
0.008175,0.003939,-0.005843,0.003911,0.003333,-0.025534,-0.005783,0.003043,-0.000386,0.000334,-0.000647,0.000055,-0.009177,0.017016,0.017808,0.000069,-0.009470,-0.001014,-0.000820,0.004069,0.001750,-0.001036,-0.001262,0.009212,0.004989
-0.004636,0.010118,0.001787,0.002171,0.011074,-0.003606,0.023725,0.002701,-0.000236,-0.000753,-0.000247,-0.000001,0.010116,-0.012622,0.017229,0.011505,0.000411,-0.004645,-0.007322,0.000722,-0.000501,0.007101,-0.009870,0.002353,-0.000224
-0.000000,-0.000000,-0.000000,-0.000000,0.000000,-0.000000,0.000000,-0.000000,0.000000,-0.000000,-0.000000,0.000000,-0.000000,-0.000000,0.000000,0.000000,-0.000000,0.000000,-0.000000,0.000000,-0.000000,-0.000000,-0.000000,0.000000,0.000000
0.004337,0.003716,0.002052,-0.009744,-0.023868,-0.005454,0.010313,-0.000016,-0.000648,0.000059,0.000438,0.000260,-0.021383,-0.014806,0.003137,-0.002139,0.002465,0.003003,-0.004928,-0.000011,0.005039,-0.000441,-0.001583,-0.004566,0.005924
-0.004964,0.000283,-0.009499,-0.004102,-0.001540,0.003327,-0.001765,0.026253,-0.000242,0.000044,0.000102,-0.000782,-0.006862,0.004774,-0.008190,0.023536,-0.003829,0.003143,0.000766,-0.000314,-0.001901,0.002453,0.008967,0.000374,0.003042
0.007964,0.006823,0.003768,-0.017891,-0.000002,0.000000,0.000000,-0.000001,-0.032175,0.002910,0.021748,0.012951,0.030829,0.021347,-0.004523,0.003084,0.000000,-0.000000,-0.000000,0.000000,0.000000,-0.000000,-0.001280,-0.003693,0.004791
-0.009114,0.000520,-0.017442,-0.007532,0.000000,0.000001,-0.000000,0.000001,-0.012050,0.002186,0.005016,-0.038849,0.009893,-0.006884,0.011808,-0.033933,0.000000,0.000000,0.000000,0.000000,0.000000,-0.000000,0.007252,0.000302,0.002460
0.008175,0.003939,-0.005843,0.003911,-0.003333,0.025534,0.005783,-0.003043,-0.000386,0.000333,-0.000650,0.000055,-0.009177,0.017016,0.017808,0.000069,0.009470,0.001014,0.000820,-0.004069,-0.001750,0.001036,-0.001262,0.009212,0.004989
-0.004636,0.010118,0.001787,0.002171,-0.011074,0.003606,-0.023725,-0.002701,-0.000235,-0.000753,-0.000247,-0.000001,0.010116,-0.012622,0.017229,0.011505,-0.000411,0.004645,0.007322,-0.000722,0.000501,-0.007101,-0.009870,0.002353,-0.000225
0.015010,0.007232,-0.010729,0.007180,0.000000,-0.000001,-0.000001,0.000002,-0.019159,0.016564,-0.032181,0.002720,0.013231,-0.024533,-0.025674,-0.000100,-0.000000,0.000000,-0.000000,0.000000,-0.000000,0.000000,-0.001021,0.007450,0.004035
-0.008513,0.018578,0.003281,0.003987,-0.000000,-0.000001,-0.000000,0.000001,-0.011701,-0.037374,-0.012276,-0.000058,-0.014585,0.018198,-0.024841,-0.016588,-0.000000,-0.000000,-0.000000,0.000000,0.000000,0.000000,-0.007982,0.001903,-0.000181
-0.000000,0.000000,-0.000000,0.000000,-0.000000,0.000000,-0.000000,-0.000000,0.000000,-0.000000,0.000000,0.000000,-0.000000,-0.000000,0.000000,0.000000,-0.000000,-0.000000,0.000000,-0.000000,-0.000000,0.000000,0.000000,-0.000000,0.000000
-0.000000,0.000000,-0.000000,0.000000,0.000000,-0.000000,0.000000,0.000000,0.000000,0.000000,-0.000000,-0.000000,0.000000,0.000000,-0.000000,-0.000000,0.000000,0.000000,-0.000000,0.000000,-0.000000,-0.000000,-0.000000,-0.000000,0.000000
0.000000,-0.000000,-0.000000,0.000000,0.000000,0.000000,0.000000,0.000000,-0.000000,-0.000000,-0.000000,0.000000,-0.000000,-0.000000,-0.000000,-0.000000,0.000000,0.000000,-0.000000,-0.000000,-0.000000,0.000000,-0.000000,0.000000,-0.000000
0.000000,0.000000,-0.000000,0.000000,-0.000000,-0.000000,0.000000,0.000000,-0.000000,0.000000,-0.000000,-0.000000,-0.000000,-0.000000,-0.000000,0.000000,0.000000,-0.000000,0.000000,-0.000000,0.000000,-0.000000,0.000000,-0.000000,-0.000000
0.000000,0.000000,0.000000,-0.000000,0.000000,-0.000000,-0.000000,-0.000000,0.000000,0.000000,0.000000,-0.000000,-0.000000,0.000000,0.000000,0.000000,-0.000000,0.000000,0.000000,0.000000,-0.000000,-0.000000,-0.000000,-0.000000,0.000000
-0.000000,-0.000000,-0.000000,-0.000000,-0.000000,-0.000000,0.000000,-0.000000,0.000000,-0.000000,0.000000,-0.000000,-0.000000,0.000000,-0.000000,-0.000000,-0.000000,0.000000,-0.000000,-0.000000,0.000000,-0.000000,0.000000,-0.000000,-0.000000
-0.000000,0.000000,0.000000,-0.000000,-0.000000,0.000000,-0.000000,-0.000000,-0.000000,0.000000,0.000000,-0.000000,0.000000,0.000000,0.000000,0.000000,-0.000000,-0.000000,0.000000,-0.000000,-0.000000,-0.000000,-0.000000,-0.000000,0.000000
-0.000000,0.000000,-0.000000,-0.000000,-0.000000,0.000000,0.000000,-0.000000,-0.000000,-0.000000,0.000000,-0.000000,0.000000,0.000000,-0.000000,-0.000000,-0.000000,0.000000,0.000000,-0.000000,0.000000,0.000000,0.000000,0.000000,-0.000000
-0.000000,0.000000,-0.000000,-0.000000,0.000000,-0.000000,-0.000000,-0.000000,0.000000,0.000000,0.000000,-0.000000,-0.000000,-0.000000,0.000000,-0.000000,0.000000,0.000000,0.000000,0.000000,0.000000,-0.000000,-0.000000,0.000000,-0.000000
-0.000000,-0.000000,-0.000000,0.000000,0.000000,-0.000000,-0.000000,0.000000,0.000000,-0.000000,-0.000000,-0.000000,0.000000,-0.000000,0.000000,0.000000,-0.012085,0.004153,-0.015937,0.000403,-0.010765,-0.004263,-0.000000,0.000000,-0.000000
0.000000,0.000000,0.000000,-0.000000,0.000000,0.000000,0.000000,0.000000,0.000000,0.000000,0.000000,-0.000000,0.000000,-0.000000,-0.000000,0.000000,-0.011349,-0.005921,-0.004669,-0.009530,-0.026409,-0.006701,-0.000000,-0.000001,0.000001
-0.000000,-0.000000,0.000000,-0.000000,0.000000,0.000000,-0.000000,-0.000000,-0.000000,0.000000,-0.000000,-0.000000,0.000000,0.000000,0.000000,0.000000,-0.011877,0.004082,-0.015663,0.000396,-0.010580,-0.004190,0.006248,0.009254,-0.001756
-0.000000,0.000000,-0.000000,-0.000000,0.000000,0.000000,0.000000,-0.000000,0.000000,0.000000,-0.000000,-0.000000,0.000000,0.000000,0.000000,0.000000,-0.011154,-0.005819,-0.004589,-0.009366,-0.025955,-0.006586,-0.015511,-0.031826,-0.001623
-0.000000,0.000000,0.000000,0.000000,-0.000000,-0.000000,0.000000,-0.000000,-0.000000,0.000000,0.000000,0.000000,-0.000000,-0.000000,0.000000,0.000000,-0.000000,0.000000,0.000000,-0.000000,-0.000000,-0.000000,-0.000000,-0.000000,-0.000000
-0.000000,0.000000,0.000000,-0.000000,-0.000000,-0.000000,0.000000,-0.000000,0.000000,-0.000000,0.000000,0.000000,-0.000000,0.000000,-0.000000,-0.000000,0.000000,-0.000000,-0.000000,0.000000,-0.000000,-0.000000,0.000000,0.000000,-0.000000
-0.000000,0.000000,-0.000000,-0.000000,0.000000,-0.000000,-0.000000,-0.000000,-0.000000,-0.000000,-0.000000,-0.000000,0.000000,0.000000,-0.000000,-0.000000,-0.010671,0.035442,-0.020521,-0.026748,-0.005148,0.001589,0.000000,-0.000002,-0.000001
-0.000000,0.000000,0.000000,-0.000000,0.000000,-0.000000,0.000000,0.000000,0.000000,-0.000000,0.000000,0.000000,0.000000,0.000000,0.000000,-0.000000,0.002279,0.015799,-0.004340,0.011843,0.004044,0.003758,-0.000000,-0.000000,-0.000001
-0.000000,0.000000,-0.000000,-0.000000,-0.000000,-0.000000,-0.000000,0.000000,0.000000,0.000000,0.000000,0.000000,-0.000000,0.000000,-0.000000,-0.000000,-0.010488,0.034833,-0.020169,-0.026288,-0.005059,0.001561,-0.011096,0.005215,0.035949
0.000000,0.000000,-0.000000,-0.000000,0.000000,-0.000000,-0.000000,-0.000000,0.000000,-0.000000,0.000000,-0.000000,-0.000000,0.000000,-0.000000,-0.000000,0.002240,0.015527,-0.004265,0.011640,0.003975,0.003694,0.019667,-0.013183,0.046651
-0.000000,-0.000000,-0.000000,-0.000000,0.000000,0.000000,0.000000,0.000000,-0.000000,0.000000,-0.000000,0.000000,-0.000000,-0.000000,0.000000,0.000000,-0.000000,0.000000,-0.000000,-0.000000,-0.000000,-0.000000,-0.000000,0.000000,0.000000
0.000000,-0.000000,0.000000,0.000000,0.000000,-0.000000,0.000000,-0.000000,0.000000,0.000000,-0.000000,0.000000,0.000000,-0.000000,0.000000,-0.000000,-0.011877,0.004082,-0.015663,0.000396,-0.010580,-0.004190,-0.006248,-0.009254,0.001756
0.000000,0.000000,0.000000,0.000000,-0.000000,0.000000,0.000000,-0.000000,0.000000,0.000000,-0.000000,-0.000000,0.000000,0.000000,-0.000000,0.000000,-0.011154,-0.005819,-0.004589,-0.009366,-0.025955,-0.006586,0.015511,0.031825,0.001623
-0.000000,0.000000,-0.000000,0.000000,0.000000,-0.000000,0.000000,-0.000000,0.000000,0.000000,-0.000000,0.000000,-0.000000,-0.000000,0.000000,0.000000,-0.011243,0.003864,-0.014827,0.000375,-0.010015,-0.003966,0.000000,-0.000000,0.000000
-0.000000,0.000000,0.000000,0.000000,-0.000000,0.000000,0.000000,-0.000000,-0.000000,0.000000,-0.000000,-0.000000,0.000000,-0.000000,0.000000,-0.000000,-0.010559,-0.005508,-0.004344,-0.008866,-0.024569,-0.006234,-0.000000,0.000000,-0.000000
-0.000000,-0.000000,-0.000000,-0.000000,-0.000000,-0.000000,-0.000000,-0.000000,-0.000000,0.000000,0.000000,0.000000,0.000000,-0.000000,0.000000,0.000000,-0.010488,0.034833,-0.020169,-0.026288,-0.005059,0.001561,0.011096,-0.005215,-0.035949
-0.000000,-0.000000,-0.000000,0.000000,-0.000000,0.000000,-0.000000,0.000000,-0.000000,-0.000000,0.000000,-0.000000,0.000000,-0.000000,0.000000,0.000000,0.002240,0.015527,-0.004265,0.011640,0.003975,0.003694,-0.019667,0.013183,-0.046651
-0.000000,0.000000,0.000000,-0.000000,0.000000,-0.000000,-0.000000,0.000000,0.000000,-0.000000,0.000000,-0.000000,-0.000000,-0.000000,0.000000,0.000000,-0.009928,0.032973,-0.019092,-0.024885,-0.004789,0.001478,-0.000000,0.000001,0.000001
0.000000,-0.000000,0.000000,0.000000,0.000000,0.000000,0.000000,0.000000,-0.000000,0.000000,0.000000,0.000000,0.000000,-0.000000,-0.000000,-0.000000,0.002120,0.014698,-0.004037,0.011018,0.003762,0.003497,0.000000,-0.000000,0.000001
-0.000000,0.000000,0.000000,-0.000000,0.000000,-0.000000,-0.000000,0.000000,0.000000,0.000000,-0.000000,-0.000000,0.000000,-0.000000,0.000000,-0.000000,0.000000,-0.000000,-0.000000,0.000000,-0.000000,-0.000000,-0.000000,0.000000,0.000000
0.000000,0.000000,-0.000000,-0.000000,-0.000000,0.000000,-0.000000,-0.000000,-0.000000,0.000000,0.000000,0.000000,-0.000000,-0.000000,-0.000000,-0.000000,-0.000000,0.000000,0.000000,-0.000000,0.000000,-0.000000,0.000000,-0.000000,-0.000000
0.000000,-0.000000,-0.000000,0.000000,0.000000,-0.000000,0.000000,0.000000,0.000000,-0.000000,0.000000,0.000000,-0.000000,0.000000,-0.000000,0.000000,-0.000000,0.000000,-0.000000,-0.000000,0.000000,-0.000000,0.000000,-0.000000,-0.000000
-0.000000,-0.000000,-0.000000,-0.000000,-0.000000,-0.000000,0.000000,0.000000,-0.000000,0.000000,0.000000,0.000000,0.000000,-0.000000,-0.000000,-0.000000,0.000000,-0.000000,-0.000000,0.000000,-0.000000,-0.000000,0.000000,0.000000,-0.000000
0.000000,-0.000000,0.000000,0.000000,-0.000000,0.000000,-0.000000,0.000000,-0.000000,0.000000,-0.000000,0.000000,-0.000000,0.000000,0.000000,0.000000,-0.000000,0.000000,0.000000,0.000000,-0.000000,0.000000,-0.000000,-0.000000,0.000000
-0.000000,-0.000000,0.000000,-0.000000,-0.000000,-0.000000,0.000000,-0.000000,-0.000000,0.000000,-0.000000,0.000000,0.000000,0.000000,-0.000000,-0.000000,0.000000,-0.000000,0.000000,0.000000,-0.000000,-0.000000,-0.000000,0.000000,-0.000000
0.000000,0.000000,0.000000,0.000000,0.000000,0.000000,0.000000,-0.000000,0.000000,0.000000,0.000000,0.000000,0.000000,0.000000,-0.000000,0.000000,-0.000000,-0.000000,-0.000000,0.000000,0.000000,-0.000000,0.000000,0.000000,-0.000000
-0.000000,0.000000,-0.000000,-0.000000,0.000000,0.000000,-0.000000,0.000000,-0.000000,0.000000,-0.000000,0.000000,-0.000000,0.000000,-0.000000,-0.000000,0.000000,0.000000,-0.000000,-0.000000,-0.000000,0.000000,0.000000,0.000000,-0.000000
-0.000000,-0.000000,-0.000000,0.000000,-0.000000,0.000000,-0.000000,0.000000,-0.000000,-0.000000,-0.000000,0.000000,-0.000000,-0.000000,0.000000,-0.000000,-0.000000,-0.000000,0.000000,-0.000000,0.000000,-0.000000,-0.000000,-0.000000,0.000000
-0.000000,0.000000,-0.000000,0.000000,0.008103,0.001851,-0.003501,0.000005,-0.000000,-0.000000,0.000000,0.000000,-0.000000,-0.000000,0.000000,0.000000,-0.008848,-0.010779,0.017690,0.000040,-0.018086,0.001585,-0.000000,0.000000,-0.000001
0.000000,0.000000,0.000000,-0.000000,0.000523,-0.001130,0.000599,-0.008913,-0.000000,-0.000000,-0.000000,-0.000000,-0.000000,0.000000,0.000000,0.000000,0.013745,-0.011282,-0.002749,0.001128,0.006824,-0.008806,0.000001,-0.000000,0.000000
-0.003376,-0.002892,-0.001597,0.007583,-0.011716,-0.002677,0.005062,-0.000008,0.007471,-0.000676,-0.005050,-0.003007,0.007625,0.005280,-0.001119,0.000763,-0.008696,-0.010594,0.017386,0.000040,-0.017775,0.001557,-0.004898,-0.014131,0.018334
0.003863,-0.000220,0.007393,0.003192,-0.000756,0.001633,-0.000866,0.012887,0.002798,-0.000507,-0.001164,0.009020,0.002447,-0.001702,0.002920,-0.008392,0.013508,-0.011088,-0.002702,0.001109,0.006707,-0.008655,0.027751,0.001156,0.009415
0.000000,-0.000000,0.000000,0.000000,0.000000,-0.000000,-0.000000,0.000000,0.000000,0.000000,0.000000,-0.000000,-0.000000,0.000000,-0.000000,-0.000000,0.000000,0.000000,-0.000000,-0.000000,0.000000,-0.000000,-0.000000,-0.000000,-0.000000
0.000000,0.000000,-0.000000,-0.000000,0.000000,-0.000000,0.000000,0.000000,-0.000000,-0.000000,0.000000,-0.000000,-0.000000,-0.000000,-0.000000,0.000000,-0.000000,0.000000,-0.000000,-0.000000,-0.000000,-0.000000,0.000000,-0.000000,0.000000
0.000000,-0.000000,0.000000,0.000000,0.001132,-0.008669,-0.001963,0.001033,0.000000,0.000000,0.000000,-0.000000,0.000000,0.000000,-0.000000,0.000000,-0.033992,-0.003640,-0.002944,0.014605,0.006280,-0.003718,-0.000000,0.000001,-0.000000
-0.000000,0.000000,0.000000,0.000000,0.003759,-0.001224,0.008055,0.000917,-0.000000,0.000000,-0.000000,-0.000000,0.000000,-0.000000,0.000000,-0.000000,0.001474,-0.016672,-0.026279,0.002593,-0.001800,0.025487,0.000000,0.000000,-0.000001
-0.006362,-0.003065,0.004548,-0.003043,-0.001636,0.012534,0.002839,-0.001494,0.004448,-0.003846,0.007471,-0.000631,0.003272,-0.006068,-0.006350,-0.000025,-0.033408,-0.003578,-0.002894,0.014354,0.006172,-0.003654,-0.003906,0.028509,0.015440
0.003608,-0.007875,-0.001391,-0.001690,-0.005436,0.001770,-0.011646,-0.001326,0.002717,0.008677,0.002850,0.000014,-0.003607,0.004501,-0.006144,-0.004103,0.001448,-0.016385,-0.025828,0.002548,-0.001769,0.025049,-0.030545,0.007283,-0.000695
0.000000,-0.000000,0.000000,-0.000000,0.000000,-0.000000,-0.000000,-0.000000,-0.000000,-0.000000,0.000000,0.000000,0.000000,0.000000,-0.000000,-0.000000,0.000000,-0.000000,-0.000000,0.000000,0.000000,-0.000000,-0.000000,-0.000000,0.000000
0.003376,0.002892,0.001597,-0.007583,-0.011717,-0.002677,0.005063,-0.000008,-0.007470,0.000676,0.005049,0.003007,-0.007625,-0.005280,0.001119,-0.000763,-0.008696,-0.010594,0.017386,0.000040,-0.017775,0.001557,0.004898,0.014131,-0.018334
-0.003863,0.000220,-0.007393,-0.003192,-0.000756,0.001633,-0.000866,0.012887,-0.002797,0.000508,0.001165,-0.009019,-0.002447,0.001702,-0.002920,0.008392,0.013508,-0.011088,-0.002702,0.001109,0.006707,-0.008655,-0.027750,-0.001157,-0.009415
0.000000,-0.000000,0.000000,0.000000,-0.008776,-0.002005,0.003792,-0.000006,0.000000,0.000000,-0.000000,-0.000000,0.000000,-0.000000,-0.000000,-0.000000,-0.008232,-0.010028,0.016457,0.000038,-0.016826,0.001474,0.000000,-0.000000,0.000000
0.000000,-0.000000,0.000000,0.000000,-0.000566,0.001223,-0.000649,0.009653,0.000000,0.000000,0.000000,0.000000,0.000000,0.000000,-0.000000,-0.000000,0.012787,-0.010496,-0.002558,0.001050,0.006349,-0.008192,-0.000000,0.000000,-0.000000
0.006362,0.003065,-0.004548,0.003043,-0.001636,0.012534,0.002838,-0.001493,-0.004448,0.003845,-0.007472,0.000632,-0.003272,0.006068,0.006350,0.000025,-0.033408,-0.003578,-0.002894,0.014354,0.006172,-0.003654,0.003906,-0.028509,-0.015440
-0.003608,0.007875,0.001391,0.001690,-0.005436,0.001770,-0.011646,-0.001326,-0.002716,-0.008677,-0.002850,-0.000013,0.003607,-0.004501,0.006144,0.004103,0.001448,-0.016385,-0.025828,0.002548,-0.001769,0.025049,0.030545,-0.007283,0.000694
0.000000,-0.000000,-0.000000,-0.000000,-0.001226,0.009389,0.002126,-0.001119,-0.000000,-0.000000,-0.000000,0.000000,-0.000000,-0.000000,-0.000000,0.000000,-0.031624,-0.003387,-0.002739,0.013587,0.005842,-0.003459,0.000000,-0.000001,0.000000
0.000000,-0.000000,0.000000,-0.000000,-0.004072,0.001326,-0.008723,-0.000993,0.000000,-0.000000,0.000000,0.000000,-0.000000,0.000000,0.000000,0.000000,0.001371,-0.015510,-0.024449,0.002412,-0.001674,0.023712,-0.000000,-0.000000,0.000000
0.000000,0.000000,-0.000000,-0.000000,-0.000000,0.000000,0.000000,-0.000000,-0.000000,-0.000000,-0.000000,0.000000,-0.000000,-0.000000,0.000000,-0.000000,0.000000,0.000000,0.000000,0.000000,0.000000,0.000000,-0.000000,-0.000000,0.000000
0.000000,-0.000000,-0.000000,0.000000,-0.000000,-0.000000,0.000000,-0.000000,-0.000000,-0.000000,-0.000000,0.000000,0.000000,-0.000000,0.000000,-0.000000,-0.000000,-0.000000,0.000000,-0.000000,0.000000,-0.000000,0.000000,0.000000,-0.000000
-0.000000,-0.000000,-0.000000,-0.000000,0.000000,-0.000000,-0.000000,-0.000000,0.000000,0.000000,0.000000,0.000000,0.000000,0.000000,0.000000,0.000000,0.000000,-0.000000,-0.000000,-0.000000,-0.000000,0.000000,0.000000,0.000000,-0.000000
-0.000000,0.000000,-0.000000,0.000000,-0.000000,0.000000,-0.000000,0.000000,0.000000,-0.000000,0.000000,0.000000,0.000000,-0.000000,0.000000,-0.000000,-0.000000,-0.000000,-0.000000,-0.000000,0.000000,-0.000000,-0.000000,-0.000000,-0.000000
-0.000000,-0.000000,-0.000000,0.000000,0.000000,-0.000000,0.000000,0.000000,-0.000000,-0.000000,-0.000000,0.000000,0.000000,0.000000,-0.000000,-0.000000,0.000000,-0.000000,-0.000000,-0.000000,0.000000,0.000000,0.000000,0.000000,-0.000000
0.000000,-0.000000,0.000000,0.000000,-0.000000,0.000000,-0.000000,-0.000000,0.000000,-0.000000,-0.000000,0.000000,0.000000,0.000000,-0.000000,0.000000,-0.000000,-0.000000,-0.000000,-0.000000,0.000000,-0.000000,-0.000000,-0.000000,-0.000000
-0.000000,-0.000000,-0.000000,0.000000,0.000000,0.000000,-0.000000,0.000000,-0.000000,-0.000000,0.000000,-0.000000,0.000000,-0.000000,-0.000000,-0.000000,-0.000000,-0.000000,-0.000000,-0.000000,0.000000,-0.000000,0.000000,0.000000,0.000000
-0.000000,0.000000,0.000000,-0.000000,-0.000000,0.000000,-0.000000,-0.000000,0.000000,-0.000000,0.000000,-0.000000,0.000000,-0.000000,-0.000000,0.000000,0.000000,-0.000000,0.000000,-0.000000,0.000000,-0.000000,-0.000000,0.000000,-0.000000
0.000000,-0.000000,-0.000000,-0.000000,0.000000,-0.000000,0.000000,0.000000,0.000000,0.000000,0.000000,0.000000,-0.000000,-0.000000,0.000000,0.000000,-0.000000,0.000000,0.000000,0.000000,-0.000000,0.000000,0.000000,-0.000000,-0.000000
-0.000000,-0.000000,0.000000,-0.000000,-0.003402,-0.000777,0.001470,-0.000002,0.000000,0.000000,-0.000000,-0.000000,0.000000,-0.000000,0.000000,0.000000,-0.064132,-0.078130,0.128215,0.000293,-0.131086,0.011485,-0.000002,0.000001,-0.000006
0.000000,0.000000,0.000000,-0.000000,-0.000220,0.000474,-0.000252,0.003742,0.000000,0.000000,0.000000,0.000000,-0.000000,-0.000000,-0.000000,0.000000,0.099622,-0.081771,-0.019928,0.008178,0.049464,-0.063826,0.000005,-0.000002,0.000002
0.001385,0.001186,0.000655,-0.003110,0.005097,0.001165,-0.002203,0.000003,-0.003390,0.000307,0.002292,0.001365,-0.003506,-0.002428,0.000514,-0.000351,-0.073592,-0.089655,0.147128,0.000336,-0.150423,0.013179,-0.046683,-0.134675,0.174726
-0.001585,0.000090,-0.003032,-0.001309,0.000329,-0.000710,0.000377,-0.005607,-0.001270,0.000230,0.000528,-0.004093,-0.001125,0.000783,-0.001343,0.003859,0.114317,-0.093833,-0.022868,0.009385,0.056760,-0.073241,0.264474,0.011022,0.089728
-0.000000,0.000000,-0.000000,0.000000,0.000000,0.000000,-0.000000,0.000000,-0.000000,-0.000000,-0.000000,0.000000,0.000000,-0.000000,-0.000000,0.000000,-0.000000,0.000000,-0.000000,0.000000,0.000000,-0.000000,0.000000,-0.000000,0.000000
0.000000,-0.000000,-0.000000,-0.000000,-0.000000,-0.000000,0.000000,-0.000000,-0.000000,-0.000000,0.000000,0.000000,-0.000000,0.000000,0.000000,0.000000,-0.000000,-0.000000,0.000000,-0.000000,0.000000,-0.000000,0.000000,0.000000,-0.000000
0.000000,-0.000000,0.000000,-0.000000,-0.000475,0.003640,0.000824,-0.000434,-0.000000,-0.000000,-0.000000,0.000000,0.000000,0.000000,-0.000000,-0.000000,-0.246375,-0.026384,-0.021340,0.105856,0.045515,-0.026945,-0.000001,0.000006,-0.000001
0.000000,-0.000000,0.000000,0.000000,-0.001578,0.000514,-0.003382,-0.000385,0.000000,-0.000000,0.000000,0.000000,0.000000,0.000000,-0.000000,0.000000,0.010682,-0.120838,-0.190474,0.018791,-0.013045,0.184734,0.000000,0.000001,-0.000004
0.002610,0.001257,-0.001865,0.001248,0.000712,-0.005453,-0.001235,0.000650,-0.002019,0.001745,-0.003390,0.000287,-0.001505,0.002790,0.002920,0.000011,-0.282718,-0.030276,-0.024487,0.121471,0.052229,-0.030919,-0.037224,0.271705,0.147154
-0.001480,0.003230,0.000570,0.000693,0.002365,-0.000770,0.005067,0.000577,-0.001233,-0.003938,-0.001293,-0.000006,0.001659,-0.002070,0.002825,0.001887,0.012257,-0.138663,-0.218571,0.021563,-0.014969,0.211984,-0.291109,0.069410,-0.006620
-0.000000,0.000000,0.000000,-0.000000,-0.000000,-0.000000,-0.000000,-0.000000,-0.000000,-0.000000,-0.000000,0.000000,-0.000000,-0.000000,0.000000,0.000000,0.000000,0.000000,0.000000,-0.000000,0.000000,0.000000,-0.000000,-0.000000,0.000000
-0.001385,-0.001186,-0.000655,0.003110,0.005098,0.001165,-0.002203,0.000003,0.003390,-0.000307,-0.002291,-0.001364,0.003506,0.002428,-0.000514,0.000351,-0.073592,-0.089655,0.147128,0.000336,-0.150423,0.013179,0.046682,0.134675,-0.174728
0.001585,-0.000090,0.003032,0.001309,0.000329,-0.000711,0.000377,-0.005607,0.001270,-0.000230,-0.000529,0.004093,0.001125,-0.000783,0.001343,-0.003859,0.114317,-0.093833,-0.022868,0.009385,0.056760,-0.073241,-0.264473,-0.011022,-0.089727
-0.000000,-0.000000,0.000000,0.000000,0.004279,0.000978,-0.001849,0.000003,-0.000000,-0.000000,0.000000,0.000000,-0.000000,-0.000000,-0.000000,-0.000000,-0.083574,-0.101815,0.167084,0.000382,-0.170826,0.014966,0.000002,-0.000000,0.000006
0.000000,-0.000000,0.000000,0.000000,0.000276,-0.000596,0.000316,-0.004707,-0.000000,-0.000000,-0.000000,-0.000000,0.000000,0.000000,0.000000,-0.000000,0.129822,-0.106560,-0.025970,0.010658,0.064459,-0.083175,-0.000005,0.000002,-0.000002
-0.002610,-0.001257,0.001865,-0.001248,0.000712,-0.005453,-0.001235,0.000650,0.002019,-0.001745,0.003391,-0.000287,0.001505,-0.002790,-0.002920,-0.000011,-0.282718,-0.030276,-0.024487,0.121471,0.052229,-0.030919,0.037224,-0.271704,-0.147154
0.001480,-0.003230,-0.000570,-0.000693,0.002365,-0.000770,0.005067,0.000577,0.001233,0.003938,0.001293,0.000006,-0.001659,0.002070,-0.002825,-0.001887,0.012257,-0.138663,-0.218571,0.021563,-0.014969,0.211984,0.291108,-0.069409,0.006619
0.000000,-0.000000,0.000000,0.000000,0.000598,-0.004578,-0.001037,0.000546,0.000000,0.000000,0.000000,-0.000000,-0.000000,-0.000000,-0.000000,-0.000000,-0.321065,-0.034383,-0.027809,0.137947,0.059313,-0.035113,0.000001,-0.000006,0.000001
-0.000000,-0.000000,0.000000,0.000000,0.001985,-0.000646,0.004253,0.000484,-0.000000,0.000000,-0.000000,-0.000000,0.000000,0.000000,0.000000,-0.000000,0.013920,-0.157471,-0.248217,0.024487,-0.017000,0.240737,-0.000000,-0.000001,0.000005
0.000000,0.000000,0.000000,0.000000,-0.000000,0.000000,-0.000000,0.000000,0.000000,0.000000,0.000000,-0.000000,-0.000000,0.000000,-0.000000,0.000000,0.000000,0.000000,-0.000000,-0.000000,0.000000,0.000000,0.000000,-0.000000,0.000000
-0.000000,-0.000000,0.000000,-0.000000,0.000000,0.000000,-0.000000,-0.000000,-0.000000,0.000000,-0.000000,-0.000000,0.000000,0.000000,-0.000000,-0.000000,0.000000,-0.000000,-0.000000,-0.000000,0.000000,-0.000000,0.000000,-0.000000,0.000000
-0.000000,-0.000000,-0.000000,-0.000000,0.000000,-0.000000,-0.000000,-0.000000,0.000000,-0.000000,-0.000000,0.000000,-0.000000,-0.000000,0.000000,0.000000,-0.000000,0.000000,0.000000,0.000000,0.000000,0.000000,-0.000000,0.000000,-0.000000
0.000000,0.000000,0.000000,-0.000000,0.000000,0.000000,-0.000000,-0.000000,0.000000,-0.000000,-0.000000,-0.000000,0.000000,0.000000,-0.000000,0.000000,0.000000,-0.000000,0.000000,-0.000000,0.000000,0.000000,0.000000,0.000000,-0.000000
0.000000,-0.000000,-0.000000,-0.000000,0.000000,0.000000,0.000000,0.000000,-0.000000,0.000000,-0.000000,0.000000,-0.000000,-0.000000,0.000000,0.000000,-0.000000,0.000000,-0.000000,0.000000,-0.000000,0.000000,0.000000,-0.000000,0.000000
-0.000000,0.000000,-0.000000,-0.000000,0.000000,0.000000,0.000000,-0.000000,0.000000,-0.000000,0.000000,-0.000000,-0.000000,-0.000000,-0.000000,-0.000000,0.000000,0.000000,0.000000,0.000000,-0.000000,0.000000,0.000000,-0.000000,0.000000
-0.000000,0.000000,0.000000,0.000000,0.000000,-0.000000,-0.000000,-0.000000,-0.000000,-0.000000,0.000000,0.000000,-0.000000,-0.000000,-0.000000,-0.000000,-0.000000,-0.000000,0.000000,0.000000,-0.000000,-0.000000,0.000000,-0.000000,-0.000000
-0.000000,0.000000,0.000000,0.000000,-0.000000,-0.000000,0.000000,-0.000000,-0.000000,-0.000000,0.000000,0.000000,-0.000000,0.000000,0.000000,0.000000,0.000000,-0.000000,-0.000000,0.000000,-0.000000,0.000000,0.000000,-0.000000,0.000000
0.000000,-0.000000,-0.000000,0.000000,-0.000000,0.000000,0.000000,0.000000,0.000000,0.000000,-0.000000,0.000000,-0.000000,0.000000,0.000000,0.000000,0.000000,0.000000,-0.000000,-0.000000,0.000000,-0.000000,-0.000000,0.000000,0.000000
0.000000,0.000000,0.000000,0.000000,0.000000,0.000000,-0.000000,0.000000,0.000000,0.000000,0.000000,0.000000,0.000000,0.000000,-0.000000,-0.000000,-0.084368,-0.090600,-0.031111,-0.084043,0.283846,-0.089474,-0.000006,-0.000010,0.000003
0.000000,-0.000000,0.000000,-0.000000,-0.000000,0.000000,-0.000000,-0.000000,0.000000,0.000000,0.000000,0.000000,0.000000,0.000000,-0.000000,-0.000000,0.063993,0.163955,-0.047969,0.294850,0.000686,-0.042066,0.000008,0.000011,0.000000
-0.000000,0.000000,-0.000000,0.000000,0.000000,-0.000000,-0.000000,0.000000,-0.000000,-0.000000,-0.000000,0.000000,-0.000000,-0.000000,-0.000000,0.000000,-0.096813,-0.103964,-0.035701,-0.096440,0.325716,-0.102672,0.309213,-0.047459,-0.221530
-0.000000,0.000000,-0.000000,-0.000000,0.000000,-0.000000,-0.000000,-0.000000,-0.000000,0.000000,-0.000000,0.000000,0.000000,0.000000,0.000000,0.000000,0.073433,0.188140,-0.055045,0.338343,0.000787,-0.048271,0.066175,0.226168,-0.025317
-0.000000,-0.000000,0.000000,-0.000000,0.000000,-0.000000,0.000000,-0.000000,-0.000000,0.000000,0.000000,0.000000,-0.000000,0.000000,0.000000,0.000000,0.000000,0.000000,-0.000000,0.000000,-0.000000,-0.000000,-0.000000,-0.000000,0.000000
-0.000000,-0.000000,-0.000000,-0.000000,-0.000000,-0.000000,-0.000000,-0.000000,-0.000000,0.000000,0.000000,-0.000000,0.000000,-0.000000,0.000000,0.000000,0.000000,0.000000,0.000000,-0.000000,0.000000,-0.000000,0.000000,-0.000000,-0.000000
0.000000,-0.000000,0.000000,-0.000000,-0.000000,0.000000,0.000000,-0.000000,-0.000000,0.000000,0.000000,-0.000000,0.000000,0.000000,0.000000,-0.000000,0.017373,-0.056080,-0.032918,0.131083,-0.066898,0.014518,0.000001,0.000005,0.000006
-0.000000,-0.000000,0.000000,-0.000000,0.000000,-0.000000,-0.000000,-0.000000,-0.000000,0.000000,0.000000,0.000000,0.000000,0.000000,-0.000000,-0.000000,0.047519,-0.088923,-0.187280,0.001950,-0.101999,-0.303118,0.000006,0.000009,0.000003
-0.000000,0.000000,-0.000000,-0.000000,0.000000,-0.000000,-0.000000,-0.000000,0.000000,-0.000000,-0.000000,-0.000000,0.000000,-0.000000,0.000000,0.000000,0.019936,-0.064352,-0.037773,0.150418,-0.076766,0.016660,0.030937,0.054425,-0.078912
-0.000000,-0.000000,-0.000000,-0.000000,0.000000,-0.000000,0.000000,-0.000000,0.000000,0.000000,-0.000000,-0.000000,0.000000,0.000000,-0.000000,0.000000,0.054528,-0.102039,-0.214905,0.002237,-0.117045,-0.347831,-0.053914,-0.351973,-0.003303
-0.000000,0.000000,0.000000,-0.000000,0.000000,0.000000,-0.000000,-0.000000,0.000000,0.000000,0.000000,0.000000,-0.000000,-0.000000,-0.000000,0.000000,-0.000000,-0.000000,-0.000000,-0.000000,-0.000000,0.000000,-0.000000,-0.000000,0.000000
0.000000,-0.000000,0.000000,0.000000,0.000000,0.000000,-0.000000,0.000000,-0.000000,-0.000000,-0.000000,-0.000000,-0.000000,0.000000,-0.000000,-0.000000,-0.096813,-0.103964,-0.035701,-0.096440,0.325716,-0.102672,-0.309214,0.047457,0.221531
-0.000000,0.000000,-0.000000,-0.000000,-0.000000,0.000000,-0.000000,-0.000000,-0.000000,0.000000,-0.000000,-0.000000,-0.000000,0.000000,0.000000,0.000000,0.073433,0.188140,-0.055045,0.338343,0.000787,-0.048271,-0.066172,-0.226165,0.025317
0.000000,-0.000000,0.000000,0.000000,-0.000000,0.000000,0.000000,0.000000,0.000000,0.000000,0.000000,-0.000000,-0.000000,-0.000000,0.000000,-0.000000,-0.109944,-0.118065,-0.040543,-0.109521,0.369895,-0.116598,0.000006,0.000011,-0.000003
0.000000,-0.000000,0.000000,0.000000,-0.000000,-0.000000,0.000000,-0.000000,0.000000,0.000000,0.000000,-0.000000,0.000000,-0.000000,0.000000,-0.000000,0.083393,0.213659,-0.062511,0.384235,0.000894,-0.054819,-0.000008,-0.000011,-0.000001
-0.000000,-0.000000,-0.000000,-0.000000,0.000000,-0.000000,-0.000000,-0.000000,-0.000000,-0.000000,-0.000000,-0.000000,0.000000,0.000000,0.000000,-0.000000,0.019936,-0.064352,-0.037773,0.150418,-0.076766,0.016660,-0.030937,-0.054424,0.078913
-0.000000,-0.000000,-0.000000,0.000000,0.000000,-0.000000,-0.000000,-0.000000,0.000000,0.000000,-0.000000,-0.000000,0.000000,0.000000,0.000000,-0.000000,0.054529,-0.102039,-0.214905,0.002237,-0.117045,-0.347830,0.053915,0.351976,0.003303
-0.000000,0.000000,0.000000,-0.000000,0.000000,-0.000000,-0.000000,0.000000,0.000000,0.000000,0.000000,-0.000000,-0.000000,-0.000000,0.000000,0.000000,0.022640,-0.073080,-0.042897,0.170821,-0.087178,0.018919,-0.000001,-0.000004,-0.000006
-0.000000,-0.000000,-0.000000,0.000000,0.000000,-0.000000,-0.000000,-0.000000,0.000000,0.000000,-0.000000,-0.000000,0.000000,0.000000,0.000000,0.000000,0.061925,-0.115880,-0.244054,0.002541,-0.132921,-0.395009,-0.000006,-0.000009,-0.000003
-0.000000,-0.000000,-0.000000,0.000000,0.000000,-0.000000,-0.000000,0.000000,0.000000,0.000000,-0.000000,0.000000,-0.000000,0.000000,-0.000000,-0.000000,-0.000000,-0.000000,-0.000000,0.000000,-0.000000,-0.000000,0.000000,-0.000000,-0.000000
0.000000,0.000000,0.000000,-0.000000,0.000000,-0.000000,-0.000000,0.000000,0.000000,0.000000,-0.000000,0.000000,0.000000,0.000000,0.000000,0.000000,-0.000000,0.000000,0.000000,-0.000000,0.000000,0.000000,-0.000000,0.000000,0.000000
0.000000,0.000000,-0.000000,-0.000000,0.000000,-0.000000,-0.000000,-0.000000,0.000000,-0.000000,-0.000000,-0.000000,-0.000000,0.000000,0.000000,-0.000000,0.000000,0.000000,0.000000,0.000000,-0.000000,0.000000,0.000000,-0.000000,0.000000
-0.000000,0.000000,0.000000,0.000000,0.000000,-0.000000,0.000000,0.000000,-0.000000,-0.000000,0.000000,-0.000000,-0.000000,0.000000,-0.000000,-0.000000,-0.000000,0.000000,0.000000,-0.000000,0.000000,0.000000,0.000000,-0.000000,0.000000
0.000000,-0.000000,0.000000,-0.000000,0.000000,-0.000000,0.000000,0.000000,-0.000000,-0.000000,0.000000,0.000000,-0.000000,-0.000000,-0.000000,0.000000,0.000000,-0.000000,-0.000000,0.000000,0.000000,0.000000,-0.000000,0.000000,-0.000000
0.000000,-0.000000,0.000000,-0.000000,-0.000000,0.000000,0.000000,0.000000,-0.000000,-0.000000,-0.000000,-0.000000,0.000000,0.000000,0.000000,0.000000,-0.000000,0.000000,0.000000,0.000000,-0.000000,-0.000000,-0.000000,-0.000000,0.000000
-0.000000,-0.000000,-0.000000,0.000000,-0.000000,-0.000000,-0.000000,0.000000,0.000000,-0.000000,-0.000000,-0.000000,0.000000,0.000000,-0.000000,0.000000,-0.000000,-0.000000,0.000000,-0.000000,-0.000000,0.000000,0.000000,0.000000,0.000000
0.000000,-0.000000,0.000000,-0.000000,-0.000000,-0.000000,0.000000,0.000000,0.000000,-0.000000,0.000000,-0.000000,0.000000,0.000000,-0.000000,0.000000,0.000000,-0.000000,0.000000,-0.000000,0.000000,-0.000000,-0.000000,-0.000000,0.000000
-0.000000,-0.000000,-0.000000,-0.000000,0.000000,0.000000,0.000000,0.000000,0.000000,-0.000000,0.000000,-0.000000,-0.000000,-0.000000,0.000000,-0.000000,-0.000000,0.000000,0.000000,-0.000000,-0.000000,-0.000000,-0.000000,-0.000000,-0.000000
-0.000719,-0.000616,-0.000340,0.001616,-0.000001,0.000000,0.000000,-0.000000,-0.009730,0.000880,0.006576,0.003916,-0.012580,-0.008710,0.001845,-0.001258,0.000000,0.000000,-0.000000,0.000000,-0.000000,-0.000000,0.000954,0.002753,-0.003572
0.000823,-0.000047,0.001575,0.000680,0.000000,0.000000,-0.000000,0.000000,-0.003644,0.000661,0.001517,-0.011748,-0.004037,0.002809,-0.004818,0.013846,0.000000,0.000000,0.000000,0.000000,-0.000000,0.000000,-0.005406,-0.000225,-0.001834
-0.004337,-0.003716,-0.002052,0.009744,-0.023868,-0.005454,0.010313,-0.000016,0.000649,-0.000058,-0.000439,-0.000262,0.021383,0.014806,-0.003137,0.002139,-0.002465,-0.003003,0.004928,0.000011,-0.005039,0.000441,-0.001583,-0.004566,0.005924
0.004964,-0.000283,0.009499,0.004102,-0.001540,0.003327,-0.001765,0.026253,0.000244,-0.000044,-0.000100,0.000784,0.006862,-0.004774,0.008190,-0.023536,0.003829,-0.003143,-0.000766,0.000314,0.001901,-0.002453,0.008967,0.000374,0.003042
-0.000000,0.000000,0.000000,0.000000,-0.000000,0.000000,0.000000,0.000000,0.000000,0.000000,0.000000,0.000000,0.000000,0.000000,-0.000000,0.000000,-0.000000,0.000000,-0.000000,-0.000000,0.000000,0.000000,-0.000000,-0.000000,0.000000
-0.000000,-0.000000,0.000000,-0.000000,0.000000,-0.000000,-0.000000,-0.000000,-0.000000,-0.000000,0.000000,0.000000,-0.000000,-0.000000,-0.000000,-0.000000,0.000000,0.000000,-0.000000,0.000000,-0.000000,0.000000,0.000000,-0.000000,-0.000000
-0.001356,-0.000653,0.000969,-0.000649,0.000000,-0.000000,-0.000000,0.000001,-0.005793,0.005009,-0.009731,0.000822,-0.005399,0.010010,0.010476,0.000041,0.000000,0.000000,-0.000000,-0.000000,-0.000000,0.000000,0.000761,-0.005554,-0.003008
0.000769,-0.001678,-0.000296,-0.000360,-0.000000,-0.000000,-0.000000,0.000000,-0.003538,-0.011302,-0.003712,-0.000018,0.005951,-0.007425,0.010136,0.006769,-0.000000,0.000000,0.000000,-0.000000,-0.000000,-0.000000,0.005951,-0.001419,0.000135
-0.008175,-0.003939,0.005843,-0.003911,-0.003333,0.025534,0.005783,-0.003043,0.000386,-0.000334,0.000647,-0.000055,0.009177,-0.017016,-0.017808,-0.000069,-0.009470,-0.001014,-0.000820,0.004069,0.001750,-0.001036,-0.001262,0.009212,0.004989
0.004636,-0.010118,-0.001787,-0.002171,-0.011074,0.003606,-0.023725,-0.002701,0.000236,0.000753,0.000247,0.000001,-0.010116,0.012622,-0.017229,-0.011505,0.000411,-0.004645,-0.007322,0.000722,-0.000501,0.007101,-0.009870,0.002353,-0.000224
0.000000,-0.000000,0.000000,-0.000000,0.000000,-0.000000,-0.000000,-0.000000,-0.000000,0.000000,0.000000,-0.000000,0.000000,0.000000,0.000000,-0.000000,-0.000000,-0.000000,-0.000000,-0.000000,-0.000000,0.000000,-0.000000,0.000000,-0.000000
-0.004337,-0.003716,-0.002052,0.009744,0.023868,0.005454,-0.010313,0.000016,0.000648,-0.000059,-0.000438,-0.000260,0.021383,0.014806,-0.003137,0.002139,0.002465,0.003003,-0.004928,-0.000011,0.005039,-0.000441,-0.001583,-0.004566,0.005924
0.004964,-0.000283,0.009499,0.004102,0.001540,-0.003327,0.001765,-0.026253,0.000242,-0.000044,-0.000102,0.000782,0.006862,-0.004774,0.008190,-0.023536,-0.003829,0.003143,0.000766,-0.000314,-0.001901,0.002453,0.008967,0.000374,0.003042
-0.007964,-0.006823,-0.003768,0.017891,0.000002,-0.000000,-0.000000,0.000001,0.032175,-0.002910,-0.021748,-0.012951,-0.030829,-0.021347,0.004523,-0.003084,-0.000000,0.000000,-0.000000,0.000000,0.000000,-0.000000,-0.001280,-0.003693,0.004791
0.009114,-0.000520,0.017442,0.007532,-0.000000,-0.000001,0.000000,-0.000001,0.012050,-0.002186,-0.005016,0.038849,-0.009893,0.006884,-0.011808,0.033933,0.000000,0.000000,0.000000,-0.000000,0.000000,0.000000,0.007252,0.000302,0.002460
-0.008175,-0.003939,0.005843,-0.003911,0.003333,-0.025534,-0.005783,0.003043,0.000386,-0.000333,0.000650,-0.000055,0.009177,-0.017016,-0.017808,-0.000069,0.009470,0.001014,0.000820,-0.004069,-0.001750,0.001036,-0.001262,0.009212,0.004989
0.004636,-0.010118,-0.001787,-0.002171,0.011074,-0.003606,0.023725,0.002701,0.000235,0.000753,0.000247,0.000001,-0.010116,0.012622,-0.017229,-0.011505,-0.000411,0.004645,0.007322,-0.000722,0.000501,-0.007101,-0.009870,0.002353,-0.000225
-0.015010,-0.007232,0.010729,-0.007180,-0.000000,0.000001,0.000001,-0.000002,0.019159,-0.016564,0.032181,-0.002720,-0.013231,0.024533,0.025674,0.000100,0.000000,0.000000,-0.000000,-0.000000,0.000000,0.000000,-0.001021,0.007450,0.004035
0.008513,-0.018578,-0.003281,-0.003987,0.000000,0.000001,0.000000,-0.000001,0.011701,0.037374,0.012276,0.000058,0.014585,-0.018198,0.024841,0.016588,0.000000,-0.000000,-0.000000,0.000000,0.000000,0.000000,-0.007982,0.001903,-0.000181
-0.000000,-0.000000,0.000000,0.000000,-0.000000,0.000000,-0.000000,-0.000000,-0.000000,0.000000,-0.000000,-0.000000,0.000000,-0.000000,-0.000000,-0.000000,-0.000000,0.000000,0.000000,0.000000,0.000000,-0.000000,0.000000,0.000000,-0.000000
0.000000,-0.000000,0.000000,-0.000000,0.000000,-0.000000,-0.000000,-0.000000,0.000000,-0.000000,0.000000,0.000000,0.000000,0.000000,0.000000,0.000000,0.000000,0.000000,0.000000,0.000000,-0.000000,-0.000000,-0.000000,-0.000000,-0.000000
0.000000,0.000000,0.000000,0.000000,-0.000000,0.000000,0.000000,0.000000,-0.000000,0.000000,-0.000000,0.000000,0.000000,-0.000000,-0.000000,-0.000000,0.000000,-0.000000,-0.000000,-0.000000,-0.000000,0.000000,0.000000,-0.000000,-0.000000
-0.000000,0.000000,0.000000,-0.000000,-0.000000,0.000000,-0.000000,0.000000,0.000000,0.000000,-0.000000,-0.000000,-0.000000,0.000000,0.000000,0.000000,0.000000,0.000000,-0.000000,-0.000000,-0.000000,0.000000,-0.000000,0.000000,-0.000000
0.000000,0.000000,0.000000,-0.000000,0.000000,-0.000000,-0.000000,0.000000,-0.000000,0.000000,0.000000,0.000000,-0.000000,-0.000000,-0.000000,-0.000000,-0.000000,-0.000000,-0.000000,0.000000,-0.000000,-0.000000,0.000000,-0.000000,0.000000
0.000000,0.000000,0.000000,0.000000,-0.000000,-0.000000,-0.000000,0.000000,0.000000,-0.000000,-0.000000,0.000000,-0.000000,0.000000,0.000000,0.000000,-0.000000,-0.000000,0.000000,0.000000,0.000000,0.000000,0.000000,0.000000,-0.000000
-0.000000,-0.000000,-0.000000,0.000000,-0.000000,-0.000000,0.000000,0.000000,-0.000000,-0.000000,0.000000,0.000000,-0.000000,-0.000000,-0.000000,0.000000,-0.000000,0.000000,-0.000000,-0.000000,-0.000000,0.000000,0.000000,0.000000,-0.000000
0.000000,-0.000000,0.000000,-0.000000,-0.000000,-0.000000,0.000000,-0.000000,0.000000,-0.000000,0.000000,-0.000000,-0.000000,-0.000000,0.000000,0.000000,0.000000,0.000000,0.000000,-0.000000,-0.000000,-0.000000,0.000000,-0.000000,-0.000000
0.000000,-0.000000,0.000000,0.000000,0.000000,-0.000000,-0.000000,-0.000000,0.000000,-0.000000,0.000000,0.000000,-0.000000,0.000000,0.000000,0.000000,0.000000,-0.000000,-0.000000,-0.000000,-0.000000,-0.000000,0.000000,0.000000,-0.000000
-0.000000,-0.000000,-0.000000,0.000000,0.000000,-0.000000,-0.000000,-0.000000,-0.000000,-0.000000,-0.000000,0.000000,0.000000,0.000000,-0.000000,0.000000,0.000000,0.000000,0.000000,-0.000000,-0.000000,0.000000,-0.006321,0.000970,0.004529
-0.000000,0.000000,0.000000,0.000000,0.000000,-0.000000,-0.000000,-0.000000,-0.000000,-0.000000,0.000000,0.000000,-0.000000,-0.000000,-0.000000,0.000000,-0.000000,0.000000,0.000000,-0.000000,0.000000,0.000000,-0.001353,-0.004623,0.000518
0.000000,0.000000,0.000000,-0.000000,0.000000,-0.000000,-0.000000,-0.000000,0.000000,0.000000,-0.000000,-0.000000,-0.000000,-0.000000,-0.000000,0.000000,-0.003243,-0.003483,-0.001196,-0.003230,0.010911,-0.003439,0.010484,-0.001609,-0.007511
-0.000000,0.000000,0.000000,0.000000,-0.000000,-0.000000,0.000000,-0.000000,-0.000000,-0.000000,0.000000,0.000000,-0.000000,0.000000,-0.000000,0.000000,0.002460,0.006302,-0.001844,0.011334,0.000026,-0.001617,0.002243,0.007668,-0.000858
0.000000,-0.000000,-0.000000,0.000000,0.000000,0.000000,0.000000,-0.000000,-0.000000,0.000000,-0.000000,0.000000,-0.000000,0.000000,-0.000000,0.000000,0.000000,-0.000000,-0.000000,-0.000000,-0.000000,0.000000,0.000000,-0.000000,-0.000000
-0.000000,-0.000000,-0.000000,-0.000000,0.000000,-0.000000,0.000000,0.000000,-0.000000,-0.000000,0.000000,-0.000000,-0.000000,0.000000,-0.000000,-0.000000,0.000000,-0.000000,-0.000000,0.000000,0.000000,0.000000,-0.000000,-0.000000,-0.000000
0.000000,-0.000000,-0.000000,-0.000000,0.000000,0.000000,0.000000,0.000000,0.000000,0.000000,-0.000000,0.000000,0.000000,-0.000000,0.000000,-0.000000,0.000000,0.000000,0.000000,-0.000000,0.000000,0.000000,-0.000632,-0.001113,0.001613
0.000000,-0.000000,0.000000,-0.000000,0.000000,-0.000000,-0.000000,0.000000,-0.000000,-0.000000,0.000000,0.000000,0.000000,0.000000,-0.000000,0.000000,-0.000000,-0.000000,-0.000000,-0.000000,-0.000000,-0.000000,0.001102,0.007195,0.000068
-0.000000,0.000000,-0.000000,-0.000000,0.000000,-0.000000,0.000000,0.000000,0.000000,0.000000,-0.000000,-0.000000,0.000000,0.000000,0.000000,-0.000000,0.000668,-0.002156,-0.001265,0.005039,-0.002571,0.000558,0.001049,0.001845,-0.002676
-0.000000,-0.000000,-0.000000,-0.000000,-0.000000,0.000000,-0.000000,0.000000,0.000000,0.000000,0.000000,0.000000,0.000000,0.000000,-0.000000,0.000000,0.001827,-0.003418,-0.007199,0.000075,-0.003921,-0.011651,-0.001828,-0.011934,-0.000112
-0.000000,-0.000000,0.000000,0.000000,-0.000000,0.000000,0.000000,-0.000000,0.000000,0.000000,-0.000000,0.000000,0.000000,0.000000,-0.000000,0.000000,0.000000,0.000000,0.000000,0.000000,-0.000000,-0.000000,0.000000,-0.000000,0.000000
-0.000000,0.000000,-0.000000,-0.000000,-0.000000,0.000000,-0.000000,0.000000,0.000000,0.000000,0.000000,0.000000,0.000000,0.000000,0.000000,0.000000,0.003243,0.003483,0.001196,0.003230,-0.010911,0.003439,0.010484,-0.001609,-0.007511
-0.000000,-0.000000,-0.000000,0.000000,-0.000000,0.000000,-0.000000,-0.000000,0.000000,0.000000,0.000000,0.000000,0.000000,0.000000,-0.000000,-0.000000,-0.002460,-0.006302,0.001844,-0.011334,-0.000026,0.001617,0.002244,0.007668,-0.000858
0.000000,-0.000000,-0.000000,0.000000,-0.000000,-0.000000,-0.000000,-0.000000,0.000000,-0.000000,0.000000,0.000000,-0.000000,0.000000,-0.000000,0.000000,-0.000000,-0.000000,0.000000,-0.000000,0.000000,0.000000,0.008478,-0.001301,-0.006074
-0.000000,0.000000,0.000000,-0.000000,0.000000,-0.000000,0.000000,-0.000000,0.000000,0.000000,-0.000000,-0.000000,0.000000,0.000000,-0.000000,0.000000,-0.000000,-0.000000,0.000000,-0.000000,-0.000000,0.000000,0.001814,0.006201,-0.000694
0.000000,0.000000,0.000000,-0.000000,0.000000,-0.000000,0.000000,0.000000,-0.000000,-0.000000,0.000000,-0.000000,-0.000000,-0.000000,0.000000,-0.000000,-0.000668,0.002156,0.001265,-0.005039,0.002571,-0.000558,0.001049,0.001845,-0.002675
-0.000000,0.000000,0.000000,0.000000,-0.000000,0.000000,-0.000000,-0.000000,0.000000,-0.000000,0.000000,0.000000,-0.000000,-0.000000,-0.000000,-0.000000,-0.001827,0.003418,0.007199,-0.000075,0.003921,0.011651,-0.001828,-0.011934,-0.000112
-0.000000,0.000000,-0.000000,0.000000,0.000000,0.000000,0.000000,-0.000000,0.000000,0.000000,-0.000000,-0.000000,0.000000,-0.000000,-0.000000,-0.000000,-0.000000,-0.000000,0.000000,0.000000,0.000000,-0.000000,0.000848,0.001492,-0.002164
-0.000000,0.000000,0.000000,-0.000000,-0.000000,-0.000000,0.000000,0.000000,-0.000000,-0.000000,-0.000000,-0.000000,-0.000000,-0.000000,-0.000000,0.000000,0.000000,-0.000000,0.000000,-0.000000,0.000000,-0.000000,-0.001478,-0.009651,-0.000091
-0.000000,0.000000,-0.000000,-0.000000,0.000000,0.000000,-0.000000,0.000000,-0.000000,-0.000000,-0.000000,0.000000,-0.000000,0.000000,0.000000,-0.000000,0.000000,-0.000000,-0.000000,0.000000,-0.000000,0.000000,0.000000,-0.000000,-0.000000
0.000000,0.000000,0.000000,0.000000,0.000000,0.000000,0.000000,-0.000000,-0.000000,-0.000000,-0.000000,-0.000000,0.000000,-0.000000,0.000000,0.000000,0.000000,-0.000000,-0.000000,-0.000000,0.000000,-0.000000,-0.000000,0.000000,-0.000000
-0.000000,-0.000000,0.000000,0.000000,-0.000000,0.000000,0.000000,0.000000,0.000000,-0.000000,-0.000000,-0.000000,0.000000,0.000000,0.000000,0.000000,0.000000,-0.000000,-0.000000,-0.000000,-0.000000,-0.000000,0.000000,0.000000,-0.000000
0.000000,-0.000000,-0.000000,-0.000000,-0.000000,-0.000000,-0.000000,-0.000000,0.000000,0.000000,-0.000000,0.000000,0.000000,0.000000,0.000000,-0.000000,-0.000000,-0.000000,0.000000,-0.000000,-0.000000,0.000000,0.000000,-0.000000,0.000000
0.000000,0.000000,-0.000000,-0.000000,-0.000000,-0.000000,-0.000000,0.000000,0.000000,0.000000,-0.000000,-0.000000,0.000000,-0.000000,-0.000000,-0.000000,-0.000000,0.000000,-0.000000,0.000000,0.000000,-0.000000,-0.000000,-0.000000,0.000000
0.000000,-0.000000,0.000000,-0.000000,-0.000000,-0.000000,0.000000,0.000000,-0.000000,0.000000,-0.000000,-0.000000,0.000000,-0.000000,-0.000000,0.000000,-0.000000,0.000000,0.000000,0.000000,0.000000,0.000000,-0.000000,0.000000,0.000000
-0.000000,0.000000,0.000000,0.000000,-0.000000,0.000000,0.000000,-0.000000,0.000000,-0.000000,0.000000,0.000000,0.000000,-0.000000,-0.000000,-0.000000,0.000000,-0.000000,0.000000,0.000000,-0.000000,0.000000,-0.000000,0.000000,0.000000
-0.000000,0.000000,-0.000000,-0.000000,-0.000000,0.000000,0.000000,-0.000000,-0.000000,0.000000,-0.000000,-0.000000,0.000000,0.000000,0.000000,0.000000,-0.000000,-0.000000,0.000000,0.000000,0.000000,-0.000000,-0.000000,0.000000,0.000000
0.000000,0.000000,-0.000000,-0.000000,-0.000000,-0.000000,-0.000000,-0.000000,-0.000000,-0.000000,0.000000,0.000000,0.000000,0.000000,0.000000,-0.000000,0.000000,0.000000,-0.000000,0.000000,-0.000000,-0.000000,-0.000000,0.000000,-0.000000
-0.000000,-0.000000,0.000000,-0.000000,-0.008103,-0.001851,0.003501,-0.000005,0.000000,0.000000,-0.000000,-0.000000,0.000000,-0.000000,-0.000000,-0.000000,-0.008848,-0.010779,0.017690,0.000040,-0.018086,0.001585,-0.000000,0.000000,-0.000001
0.000000,0.000000,0.000000,-0.000000,-0.000523,0.001130,-0.000599,0.008913,0.000000,0.000000,0.000000,0.000000,0.000000,0.000000,-0.000000,0.000000,0.013745,-0.011282,-0.002749,0.001128,0.006824,-0.008806,0.000001,-0.000000,0.000000
0.003376,0.002892,0.001597,-0.007583,0.011716,0.002677,-0.005062,0.000008,-0.007471,0.000676,0.005050,0.003007,-0.007625,-0.005280,0.001119,-0.000763,-0.008696,-0.010594,0.017386,0.000040,-0.017775,0.001557,-0.004898,-0.014131,0.018334
-0.003863,0.000220,-0.007393,-0.003192,0.000756,-0.001633,0.000866,-0.012887,-0.002798,0.000507,0.001164,-0.009020,-0.002447,0.001702,-0.002920,0.008392,0.013508,-0.011088,-0.002702,0.001109,0.006707,-0.008655,0.027751,0.001156,0.009415
0.000000,-0.000000,0.000000,-0.000000,-0.000000,-0.000000,-0.000000,0.000000,0.000000,0.000000,0.000000,0.000000,0.000000,0.000000,-0.000000,0.000000,0.000000,0.000000,0.000000,0.000000,-0.000000,-0.000000,0.000000,-0.000000,-0.000000
-0.000000,0.000000,0.000000,-0.000000,-0.000000,-0.000000,-0.000000,-0.000000,-0.000000,0.000000,-0.000000,0.000000,-0.000000,0.000000,0.000000,-0.000000,0.000000,0.000000,-0.000000,-0.000000,0.000000,-0.000000,0.000000,0.000000,-0.000000
0.000000,-0.000000,0.000000,0.000000,-0.001132,0.008669,0.001963,-0.001033,-0.000000,-0.000000,-0.000000,0.000000,-0.000000,-0.000000,-0.000000,-0.000000,-0.033992,-0.003640,-0.002944,0.014605,0.006280,-0.003718,-0.000000,0.000001,-0.000000
0.000000,-0.000000,0.000000,-0.000000,-0.003759,0.001224,-0.008055,-0.000917,0.000000,-0.000000,0.000000,0.000000,0.000000,0.000000,0.000000,0.000000,0.001474,-0.016672,-0.026279,0.002593,-0.001800,0.025487,0.000000,0.000000,-0.000001
0.006362,0.003065,-0.004548,0.003043,0.001636,-0.012534,-0.002839,0.001494,-0.004448,0.003846,-0.007471,0.000631,-0.003272,0.006068,0.006350,0.000025,-0.033408,-0.003578,-0.002894,0.014354,0.006172,-0.003654,-0.003906,0.028509,0.015440
-0.003608,0.007875,0.001391,0.001690,0.005436,-0.001770,0.011646,0.001326,-0.002717,-0.008677,-0.002850,-0.000014,0.003607,-0.004501,0.006144,0.004103,0.001448,-0.016385,-0.025828,0.002548,-0.001769,0.025049,-0.030545,0.007283,-0.000695
-0.000000,0.000000,-0.000000,0.000000,0.000000,-0.000000,-0.000000,0.000000,0.000000,-0.000000,-0.000000,-0.000000,-0.000000,-0.000000,0.000000,-0.000000,-0.000000,-0.000000,0.000000,0.000000,-0.000000,0.000000,-0.000000,0.000000,-0.000000
-0.003376,-0.002892,-0.001597,0.007583,0.011717,0.002677,-0.005063,0.000008,0.007470,-0.000676,-0.005049,-0.003007,0.007625,0.005280,-0.001119,0.000763,-0.008696,-0.010594,0.017386,0.000040,-0.017775,0.001557,0.004898,0.014131,-0.018334
0.003863,-0.000220,0.007393,0.003192,0.000756,-0.001633,0.000866,-0.012887,0.002797,-0.000508,-0.001165,0.009019,0.002447,-0.001702,0.002920,-0.008392,0.013508,-0.011088,-0.002702,0.001109,0.006707,-0.008655,-0.027750,-0.001157,-0.009415
-0.000000,0.000000,-0.000000,0.000000,0.008776,0.002005,-0.003792,0.000006,-0.000000,-0.000000,0.000000,0.000000,-0.000000,0.000000,-0.000000,0.000000,-0.008232,-0.010028,0.016457,0.000038,-0.016826,0.001474,0.000000,-0.000000,0.000000
0.000000,-0.000000,-0.000000,0.000000,0.000566,-0.001223,0.000649,-0.009653,-0.000000,-0.000000,-0.000000,-0.000000,-0.000000,-0.000000,0.000000,-0.000000,0.012787,-0.010496,-0.002558,0.001050,0.006349,-0.008192,-0.000000,0.000000,-0.000000
-0.006362,-0.003065,0.004548,-0.003043,0.001636,-0.012534,-0.002838,0.001493,0.004448,-0.003845,0.007472,-0.000632,0.003272,-0.006068,-0.006350,-0.000025,-0.033408,-0.003578,-0.002894,0.014354,0.006172,-0.003654,0.003906,-0.028509,-0.015440
0.003608,-0.007875,-0.001391,-0.001690,0.005436,-0.001770,0.011646,0.001326,0.002716,0.008677,0.002850,0.000013,-0.003607,0.004501,-0.006144,-0.004103,0.001448,-0.016385,-0.025828,0.002548,-0.001769,0.025049,0.030545,-0.007283,0.000694
-0.000000,-0.000000,0.000000,-0.000000,0.001226,-0.009389,-0.002126,0.001119,0.000000,0.000000,0.000000,-0.000000,-0.000000,0.000000,-0.000000,0.000000,-0.031624,-0.003387,-0.002739,0.013587,0.005842,-0.003459,0.000000,-0.000001,0.000000
-0.000000,0.000000,-0.000000,0.000000,0.004072,-0.001326,0.008723,0.000993,-0.000000,0.000000,-0.000000,-0.000000,0.000000,-0.000000,0.000000,-0.000000,0.001371,-0.015510,-0.024449,0.002412,-0.001674,0.023712,-0.000000,-0.000000,0.000000
-0.000000,-0.000000,0.000000,0.000000,0.000000,0.000000,0.000000,-0.000000,-0.000000,0.000000,-0.000000,0.000000,-0.000000,-0.000000,-0.000000,0.000000,-0.000000,-0.000000,-0.000000,-0.000000,0.000000,-0.000000,0.000000,0.000000,0.000000
-0.000000,-0.000000,-0.000000,-0.000000,0.000000,0.000000,-0.000000,-0.000000,-0.000000,-0.000000,-0.000000,0.000000,-0.000000,-0.000000,-0.000000,0.000000,-0.000000,-0.000000,0.000000,-0.000000,0.000000,0.000000,0.000000,-0.000000,-0.000000
0.000000,-0.000000,-0.000000,-0.000000,-0.000000,-0.000000,0.000000,-0.000000,0.000000,0.000000,0.000000,0.000000,-0.000000,-0.000000,0.000000,-0.000000,-0.000000,-0.000000,0.000000,0.000000,0.000000,0.000000,-0.000000,0.000000,0.000000
0.000000,-0.000000,-0.000000,-0.000000,-0.000000,-0.000000,-0.000000,0.000000,0.000000,0.000000,-0.000000,-0.000000,0.000000,-0.000000,-0.000000,-0.000000,-0.000000,0.000000,-0.000000,0.000000,0.000000,-0.000000,-0.000000,0.000000,0.000000
0.000000,-0.000000,-0.000000,0.000000,-0.000000,0.000000,0.000000,-0.000000,-0.000000,-0.000000,0.000000,0.000000,0.000000,0.000000,0.000000,-0.000000,0.000000,0.000000,-0.000000,0.000000,0.000000,0.000000,-0.000000,0.000000,0.000000
0.000000,0.000000,0.000000,-0.000000,0.000000,-0.000000,0.000000,0.000000,0.000000,0.000000,-0.000000,0.000000,0.000000,0.000000,0.000000,-0.000000,0.000000,0.000000,0.000000,0.000000,-0.000000,-0.000000,-0.000000,0.000000,0.000000
-0.000000,-0.000000,0.000000,-0.000000,0.000000,0.000000,-0.000000,0.000000,0.000000,0.000000,0.000000,-0.000000,0.000000,-0.000000,-0.000000,-0.000000,0.000000,0.000000,-0.000000,-0.000000,-0.000000,-0.000000,0.000000,-0.000000,0.000000
0.000000,0.000000,-0.000000,-0.000000,0.000000,-0.000000,-0.000000,0.000000,-0.000000,0.000000,0.000000,0.000000,0.000000,-0.000000,-0.000000,-0.000000,0.000000,0.000000,0.000000,-0.000000,-0.000000,0.000000,0.000000,-0.000000,-0.000000
-0.000000,0.000000,-0.000000,0.000000,-0.000000,0.000000,0.000000,-0.000000,-0.000000,-0.000000,-0.000000,-0.000000,0.000000,0.000000,0.000000,-0.000000,-0.000000,0.000000,0.000000,0.000000,-0.000000,-0.000000,-0.000000,0.000000,-0.000000
0.000000,-0.000000,-0.000000,0.000000,0.000000,-0.000000,-0.000000,0.000000,-0.000000,0.000000,0.000000,0.000000,-0.000000,-0.000000,-0.000000,-0.000000,-0.011640,-0.012500,-0.004292,-0.011595,0.039162,-0.012345,-0.000001,-0.000001,0.000000
0.000000,-0.000000,-0.000000,-0.000000,0.000000,-0.000000,-0.000000,-0.000000,0.000000,0.000000,-0.000000,0.000000,0.000000,0.000000,0.000000,-0.000000,0.008829,0.022621,-0.006618,0.040680,0.000095,-0.005804,0.000001,0.000001,0.000000
-0.000000,0.000000,-0.000000,0.000000,-0.000000,-0.000000,-0.000000,0.000000,0.000000,0.000000,-0.000000,0.000000,-0.000000,-0.000000,0.000000,0.000000,-0.011440,-0.012285,-0.004219,-0.011396,0.038489,-0.012132,0.032445,-0.004980,-0.023245
-0.000000,0.000000,0.000000,-0.000000,-0.000000,-0.000000,-0.000000,-0.000000,-0.000000,-0.000000,0.000000,-0.000000,0.000000,0.000000,0.000000,-0.000000,0.008677,0.022232,-0.006504,0.039981,0.000093,-0.005704,0.006944,0.023731,-0.002656
-0.000000,-0.000000,-0.000000,-0.000000,-0.000000,0.000000,-0.000000,-0.000000,0.000000,0.000000,-0.000000,-0.000000,-0.000000,0.000000,-0.000000,-0.000000,0.000000,-0.000000,0.000000,0.000000,0.000000,0.000000,0.000000,-0.000000,0.000000
0.000000,0.000000,0.000000,0.000000,0.000000,-0.000000,-0.000000,0.000000,0.000000,-0.000000,0.000000,0.000000,-0.000000,0.000000,-0.000000,-0.000000,0.000000,-0.000000,-0.000000,-0.000000,-0.000000,-0.000000,-0.000000,-0.000000,-0.000000
0.000000,0.000000,-0.000000,0.000000,-0.000000,0.000000,-0.000000,0.000000,0.000000,0.000000,-0.000000,-0.000000,0.000000,0.000000,0.000000,-0.000000,0.002397,-0.007737,-0.004542,0.018085,-0.009230,0.002003,0.000000,0.000001,0.000001
-0.000000,0.000000,-0.000000,0.000000,0.000000,0.000000,-0.000000,-0.000000,0.000000,-0.000000,0.000000,0.000000,-0.000000,-0.000000,-0.000000,0.000000,0.006556,-0.012268,-0.025839,0.000269,-0.014073,-0.041821,0.000001,0.000001,0.000000
-0.000000,0.000000,-0.000000,-0.000000,0.000000,-0.000000,0.000000,0.000000,-0.000000,-0.000000,0.000000,-0.000000,-0.000000,0.000000,-0.000000,-0.000000,0.002356,-0.007604,-0.004464,0.017774,-0.009071,0.001969,0.003246,0.005711,-0.008280
0.000000,-0.000000,-0.000000,-0.000000,-0.000000,0.000000,0.000000,-0.000000,-0.000000,0.000000,-0.000000,-0.000000,-0.000000,-0.000000,0.000000,0.000000,0.006443,-0.012058,-0.025395,0.000264,-0.013831,-0.041102,-0.005657,-0.036932,-0.000347
0.000000,0.000000,0.000000,0.000000,-0.000000,-0.000000,0.000000,-0.000000,0.000000,-0.000000,-0.000000,0.000000,0.000000,0.000000,-0.000000,0.000000,0.000000,0.000000,0.000000,0.000000,-0.000000,-0.000000,0.000000,-0.000000,0.000000
-0.000000,-0.000000,0.000000,-0.000000,0.000000,0.000000,-0.000000,0.000000,0.000000,-0.000000,-0.000000,0.000000,-0.000000,0.000000,-0.000000,-0.000000,-0.011440,-0.012285,-0.004219,-0.011396,0.038489,-0.012132,-0.032445,0.004980,0.023245
0.000000,0.000000,0.000000,0.000000,0.000000,-0.000000,-0.000000,-0.000000,-0.000000,-0.000000,-0.000000,-0.000000,0.000000,-0.000000,0.000000,-0.000000,0.008677,0.022232,-0.006504,0.039981,0.000093,-0.005704,-0.006943,-0.023731,0.002656
0.000000,-0.000000,0.000000,0.000000,0.000000,-0.000000,-0.000000,0.000000,0.000000,0.000000,-0.000000,0.000000,-0.000000,-0.000000,-0.000000,-0.000000,-0.010829,-0.011629,-0.003993,-0.010787,0.036433,-0.011485,0.000001,0.000001,-0.000000
-0.000000,-0.000000,0.000000,0.000000,0.000000,0.000000,-0.000000,-0.000000,0.000000,-0.000000,0.000000,-0.000000,-0.000000,0.000000,0.000000,-0.000000,0.008214,0.021045,-0.006157,0.037846,0.000088,-0.005399,-0.000001,-0.000001,-0.000000
-0.000000,-0.000000,-0.000000,-0.000000,-0.000000,-0.000000,-0.000000,-0.000000,-0.000000,0.000000,0.000000,-0.000000,-0.000000,0.000000,0.000000,-0.000000,0.002356,-0.007604,-0.004464,0.017774,-0.009071,0.001969,-0.003246,-0.005711,0.008280
-0.000000,-0.000000,0.000000,0.000000,-0.000000,-0.000000,-0.000000,-0.000000,0.000000,0.000000,-0.000000,-0.000000,0.000000,0.000000,-0.000000,-0.000000,0.006443,-0.012058,-0.025395,0.000264,-0.013831,-0.041102,0.005657,0.036932,0.000347
-0.000000,-0.000000,-0.000000,-0.000000,0.000000,-0.000000,0.000000,0.000000,0.000000,0.000000,-0.000000,-0.000000,-0.000000,0.000000,0.000000,-0.000000,0.002230,-0.007198,-0.004225,0.016825,-0.008587,0.001864,-0.000000,-0.000000,-0.000000
0.000000,-0.000000,0.000000,0.000000,0.000000,-0.000000,-0.000000,-0.000000,0.000000,0.000000,-0.000000,-0.000000,0.000000,0.000000,0.000000,0.000000,0.006099,-0.011414,-0.024039,0.000250,-0.013092,-0.038907,-0.000001,-0.000001,-0.000000
-0.000000,-0.000000,0.000000,0.000000,-0.000000,0.000000,-0.000000,0.000000,-0.000000,0.000000,0.000000,-0.000000,0.000000,0.000000,-0.000000,0.000000,0.000000,0.000000,0.000000,-0.000000,0.000000,-0.000000,-0.000000,0.000000,0.000000
-0.000000,0.000000,-0.000000,-0.000000,0.000000,-0.000000,0.000000,-0.000000,0.000000,-0.000000,-0.000000,0.000000,-0.000000,-0.000000,0.000000,-0.000000,0.000000,-0.000000,-0.000000,0.000000,-0.000000,0.000000,-0.000000,0.000000,0.000000
0.000000,0.000000,-0.000000,-0.000000,0.000000,-0.000000,-0.000000,0.000000,-0.000000,-0.000000,0.000000,0.000000,-0.000000,-0.000000,0.000000,0.000000,-0.000000,0.000000,0.000000,-0.000000,-0.000000,-0.000000,0.000000,0.000000,-0.000000
-0.000000,-0.000000,-0.000000,0.000000,-0.000000,0.000000,-0.000000,0.000000,0.000000,-0.000000,-0.000000,0.000000,0.000000,0.000000,-0.000000,-0.000000,0.000000,0.000000,0.000000,0.000000,0.000000,0.000000,0.000000,0.000000,-0.000000
0.000000,-0.000000,0.000000,-0.000000,0.000000,-0.000000,0.000000,0.000000,0.000000,0.000000,-0.000000,0.000000,0.000000,0.000000,-0.000000,0.000000,-0.000000,0.000000,0.000000,0.000000,-0.000000,-0.000000,0.000000,-0.000000,-0.000000
-0.000000,0.000000,0.000000,0.000000,0.000000,0.000000,0.000000,-0.000000,0.000000,0.000000,-0.000000,0.000000,-0.000000,-0.000000,0.000000,-0.000000,0.000000,-0.000000,-0.000000,-0.000000,-0.000000,-0.000000,0.000000,0.000000,-0.000000
0.000000,-0.000000,0.000000,-0.000000,-0.000000,-0.000000,-0.000000,-0.000000,-0.000000,0.000000,-0.000000,-0.000000,0.000000,-0.000000,0.000000,0.000000,-0.000000,-0.000000,-0.000000,0.000000,0.000000,0.000000,0.000000,0.000000,-0.000000
0.000000,0.000000,-0.000000,0.000000,0.000000,-0.000000,-0.000000,0.000000,-0.000000,-0.000000,0.000000,0.000000,0.000000,0.000000,0.000000,0.000000,-0.000000,0.000000,0.000000,-0.000000,0.000000,0.000000,-0.000000,0.000000,-0.000000
0.000000,0.000000,0.000000,0.000000,-0.000000,0.000000,-0.000000,0.000000,-0.000000,-0.000000,-0.000000,0.000000,-0.000000,0.000000,-0.000000,-0.000000,-0.000000,-0.000000,0.000000,-0.000000,0.000000,-0.000000,-0.000000,0.000000,-0.000000
0.014244,0.012203,0.006738,-0.031998,0.000003,-0.000000,-0.000001,0.000001,0.042181,-0.003815,-0.028511,-0.016979,0.030689,0.021250,-0.004502,0.003070,-0.000000,-0.000000,0.000000,-0.000000,-0.000000,-0.000000,0.000000,0.000000,-0.000000
-0.016301,0.000930,-0.031194,-0.013470,-0.000000,-0.000001,0.000001,-0.000001,0.015798,-0.002866,-0.006575,0.050931,0.009848,-0.006852,0.011754,-0.033778,-0.000000,-0.000000,0.000000,-0.000000,0.000000,0.000000,0.000000,0.000000,-0.000000
0.014369,0.012311,0.006798,-0.032281,0.048720,0.011132,-0.021052,0.000033,-0.000402,0.000036,0.000272,0.000163,-0.031539,-0.021839,0.004627,-0.003155,0.000000,0.000000,0.000000,-0.000000,0.000000,-0.000000,0.000000,-0.000000,-0.000000
-0.016445,0.000938,-0.031470,-0.013589,0.003144,-0.006791,0.003602,-0.053589,-0.000151,0.000027,0.000060,-0.000485,-0.010121,0.007042,-0.012080,0.034714,-0.000000,-0.000000,0.000000,-0.000000,0.000000,-0.000000,0.000000,0.000000,-0.000000
0.000000,-0.000000,-0.000000,-0.000000,0.000000,0.000000,-0.000000,-0.000000,0.000000,0.000000,-0.000000,-0.000000,0.000000,-0.000000,0.000000,0.000000,-0.000000,-0.000000,-0.000000,-0.000000,0.000000,-0.000000,-0.000000,-0.000000,-0.000000
-0.000000,0.000000,0.000000,0.000000,0.000000,-0.000000,0.000000,0.000000,-0.000000,0.000000,-0.000000,-0.000000,0.000000,-0.000000,-0.000000,-0.000000,-0.000000,0.000000,-0.000000,0.000000,-0.000000,0.000000,-0.000000,0.000000,-0.000000
0.026846,0.012934,-0.019188,0.012842,-0.000000,0.000001,0.000001,-0.000002,0.025117,-0.021715,0.042189,-0.003566,0.013171,-0.024422,-0.025557,-0.000099,-0.000000,-0.000000,-0.000000,0.000000,-0.000000,-0.000000,-0.000000,0.000000,-0.000000
-0.015225,0.033227,0.005868,0.007130,0.000000,0.000002,0.000000,-0.000002,0.015340,0.048997,0.016093,0.000076,-0.014519,0.018115,-0.024728,-0.016512,0.000000,0.000000,0.000000,-0.000000,0.000000,0.000000,-0.000000,0.000000,-0.000000
0.027083,0.013048,-0.019358,0.012955,0.006804,-0.052121,-0.011804,0.006211,-0.000238,0.000207,-0.000398,0.000033,-0.013536,0.025098,0.026266,0.000102,-0.000000,-0.000000,-0.000000,0.000000,0.000000,0.000000,-0.000000,0.000000,-0.000000
-0.015360,0.033520,0.005919,0.007193,0.022604,-0.007360,0.048428,0.005514,-0.000147,-0.000465,-0.000153,-0.000001,0.014921,-0.018617,0.025413,0.016970,0.000000,-0.000000,0.000000,-0.000000,0.000000,0.000000,0.000000,0.000000,-0.000000
-0.000000,-0.000000,0.000000,-0.000000,-0.000000,0.000000,0.000000,-0.000000,0.000000,-0.000000,0.000000,0.000000,0.000000,0.000000,0.000000,0.000000,0.000000,-0.000000,-0.000000,0.000000,-0.000000,0.000000,0.000000,-0.000000,-0.000000
0.014369,0.012311,0.006798,-0.032281,-0.048720,-0.011132,0.021052,-0.000033,-0.000399,0.000037,0.000269,0.000160,-0.031539,-0.021839,0.004627,-0.003155,0.000000,-0.000000,-0.000000,0.000000,0.000000,0.000000,-0.000000,0.000000,-0.000000
-0.016445,0.000938,-0.031470,-0.013589,-0.003144,0.006791,-0.003602,0.053589,-0.000149,0.000028,0.000065,-0.000482,-0.010121,0.007042,-0.012080,0.034714,0.000000,-0.000000,-0.000000,-0.000000,0.000000,0.000000,-0.000000,-0.000000,0.000000
0.014457,0.012387,0.006839,-0.032479,-0.000003,0.000000,0.000001,-0.000001,-0.043057,0.003894,0.029103,0.017332,0.032818,0.022724,-0.004815,0.003283,0.000000,0.000000,-0.000000,0.000000,0.000000,0.000000,-0.000000,-0.000000,0.000000
-0.016545,0.000944,-0.031662,-0.013672,0.000000,0.000001,-0.000001,0.000001,-0.016126,0.002925,0.006712,-0.051988,0.010531,-0.007328,0.012569,-0.036121,-0.000000,0.000000,-0.000000,-0.000000,0.000000,0.000000,0.000000,0.000000,-0.000000
0.027083,0.013048,-0.019358,0.012955,-0.006804,0.052121,0.011804,-0.006211,-0.000239,0.000205,-0.000403,0.000034,-0.013536,0.025098,0.026266,0.000102,-0.000000,0.000000,0.000000,-0.000000,-0.000000,-0.000000,0.000000,-0.000000,-0.000000
-0.015360,0.033520,0.005919,0.007193,-0.022604,0.007360,-0.048428,-0.005514,-0.000145,-0.000465,-0.000153,-0.000001,0.014921,-0.018617,0.025413,0.016970,-0.000000,0.000000,-0.000000,0.000000,-0.000000,-0.000000,-0.000000,-0.000000,0.000000
0.027249,0.013128,-0.019476,0.013035,0.000000,-0.000001,-0.000001,0.000002,-0.025638,0.022166,-0.043065,0.003640,0.014084,-0.026116,-0.027330,-0.000106,-0.000000,0.000000,-0.000000,0.000000,-0.000000,-0.000000,-0.000000,-0.000000,0.000000
-0.015454,0.033726,0.005956,0.007237,-0.000000,-0.000002,-0.000000,0.000002,-0.015659,-0.050014,-0.016427,-0.000078,-0.015526,0.019371,-0.026443,-0.017658,0.000000,-0.000000,-0.000000,0.000000,0.000000,0.000000,-0.000000,-0.000000,-0.000000
-0.000000,-0.000000,-0.000000,-0.000000,0.000000,0.000000,0.000000,0.000000,-0.000000,0.000000,-0.000000,-0.000000,-0.000000,0.000000,-0.000000,-0.000000,-0.000000,0.000000,-0.000000,-0.000000,0.000000,0.000000,0.000000,-0.000000,-0.000000
0.000000,0.000000,0.000000,0.000000,-0.000000,-0.000000,0.000000,0.000000,-0.000000,-0.000000,0.000000,-0.000000,-0.000000,0.000000,-0.000000,-0.000000,0.000000,-0.000000,-0.000000,-0.000000,-0.000000,-0.000000,0.000000,-0.000000,0.000000
0.000000,0.000000,0.000000,-0.000000,-0.000000,0.000000,-0.000000,-0.000000,-0.000000,-0.000000,0.000000,-0.000000,0.000000,-0.000000,0.000000,0.000000,-0.000000,-0.000000,0.000000,0.000000,-0.000000,0.000000,-0.000000,0.000000,0.000000
0.000000,0.000000,0.000000,0.000000,0.000000,0.000000,0.000000,0.000000,-0.000000,0.000000,-0.000000,-0.000000,-0.000000,0.000000,-0.000000,-0.000000,0.000000,-0.000000,0.000000,-0.000000,-0.000000,0.000000,0.000000,-0.000000,-0.000000
0.000000,0.000000,-0.000000,0.000000,0.000000,-0.000000,-0.000000,0.000000,-0.000000,0.000000,-0.000000,-0.000000,0.000000,0.000000,0.000000,0.000000,-0.000000,0.000000,0.000000,0.000000,-0.000000,0.000000,0.000000,-0.000000,-0.000000
-0.000000,0.000000,-0.000000,0.000000,0.000000,0.000000,-0.000000,0.000000,0.000000,-0.000000,0.000000,-0.000000,0.000000,-0.000000,0.000000,-0.000000,-0.000000,0.000000,0.000000,-0.000000,0.000000,0.000000,0.000000,0.000000,0.000000
0.000000,-0.000000,0.000000,0.000000,0.000000,-0.000000,0.000000,-0.000000,-0.000000,-0.000000,0.000000,-0.000000,0.000000,-0.000000,0.000000,0.000000,-0.000000,0.000000,0.000000,-0.000000,-0.000000,0.000000,0.000000,0.000000,-0.000000
-0.000000,0.000000,0.000000,-0.000000,-0.000000,0.000000,0.000000,-0.000000,-0.000000,-0.000000,-0.000000,-0.000000,0.000000,0.000000,0.000000,0.000000,0.000000,-0.000000,-0.000000,0.000000,0.000000,-0.000000,0.000000,0.000000,-0.000000
-0.000000,-0.000000,-0.000000,-0.000000,-0.000000,-0.000000,0.000000,0.000000,0.000000,0.000000,0.000000,-0.000000,0.000000,-0.000000,-0.000000,-0.000000,0.000000,0.000000,-0.000000,0.000000,0.000000,-0.000000,-0.000000,-0.000000,0.000000
-0.000000,0.000000,-0.000000,-0.000000,-0.000000,0.000000,-0.000000,0.000000,-0.000000,0.000000,-0.000000,-0.000000,-0.000000,-0.000000,0.000000,0.000000,0.007298,-0.002508,0.009625,-0.000244,0.006502,0.002575,0.000000,-0.000000,0.000000
-0.000000,0.000000,0.000000,0.000000,-0.000000,-0.000000,-0.000000,0.000000,0.000000,-0.000000,-0.000000,-0.000000,0.000000,0.000000,-0.000000,-0.000000,0.006854,0.003576,0.002820,0.005755,0.015949,0.004047,0.000000,0.000000,-0.000000
0.000000,0.000000,0.000000,0.000000,-0.000000,-0.000000,0.000000,-0.000000,0.000000,0.000000,0.000000,0.000000,0.000000,-0.000000,-0.000000,0.000000,0.006074,-0.002088,0.008010,-0.000203,0.005411,0.002143,-0.002649,-0.003924,0.000745
0.000000,0.000000,0.000000,0.000000,-0.000000,0.000000,0.000000,-0.000000,0.000000,0.000000,0.000000,-0.000000,0.000000,-0.000000,-0.000000,0.000000,0.005704,0.002976,0.002347,0.004790,0.013273,0.003368,0.006577,0.013495,0.000688
-0.000000,0.000000,-0.000000,-0.000000,0.000000,-0.000000,0.000000,0.000000,-0.000000,-0.000000,-0.000000,0.000000,-0.000000,-0.000000,-0.000000,0.000000,-0.000000,0.000000,-0.000000,-0.000000,-0.000000,-0.000000,0.000000,0.000000,-0.000000
0.000000,0.000000,0.000000,-0.000000,-0.000000,0.000000,-0.000000,-0.000000,-0.000000,-0.000000,-0.000000,-0.000000,0.000000,-0.000000,-0.000000,0.000000,0.000000,0.000000,-0.000000,0.000000,-0.000000,-0.000000,0.000000,0.000000,-0.000000
0.000000,0.000000,0.000000,0.000000,-0.000000,0.000000,0.000000,0.000000,0.000000,0.000000,-0.000000,0.000000,-0.000000,0.000000,0.000000,0.000000,0.006445,-0.021405,0.012394,0.016154,0.003109,-0.000959,-0.000000,0.000001,0.000001
0.000000,0.000000,-0.000000,0.000000,-0.000000,0.000000,-0.000000,-0.000000,0.000000,-0.000000,-0.000000,0.000000,-0.000000,0.000000,-0.000000,0.000000,-0.001376,-0.009541,0.002621,-0.007153,-0.002442,-0.002270,0.000000,0.000000,0.000000
0.000000,0.000000,-0.000000,-0.000000,-0.000000,-0.000000,-0.000000,-0.000000,0.000000,-0.000000,0.000000,0.000000,0.000000,-0.000000,0.000000,-0.000000,0.005363,-0.017813,0.010314,0.013444,0.002587,-0.000798,0.004705,-0.002211,-0.015243
0.000000,-0.000000,-0.000000,0.000000,-0.000000,-0.000000,-0.000000,0.000000,-0.000000,0.000000,0.000000,-0.000000,-0.000000,0.000000,-0.000000,0.000000,-0.001145,-0.007940,0.002181,-0.005952,-0.002033,-0.001889,-0.008339,0.005590,-0.019781
0.000000,-0.000000,-0.000000,0.000000,-0.000000,0.000000,0.000000,0.000000,-0.000000,-0.000000,-0.000000,0.000000,-0.000000,-0.000000,0.000000,-0.000000,-0.000000,-0.000000,-0.000000,0.000000,-0.000000,-0.000000,0.000000,0.000000,-0.000000
0.000000,-0.000000,-0.000000,0.000000,-0.000000,0.000000,-0.000000,0.000000,0.000000,0.000000,0.000000,0.000000,0.000000,-0.000000,-0.000000,0.000000,0.006074,-0.002088,0.008010,-0.000203,0.005411,0.002143,0.002649,0.003924,-0.000745
-0.000000,0.000000,-0.000000,0.000000,-0.000000,0.000000,-0.000000,-0.000000,0.000000,-0.000000,-0.000000,-0.000000,-0.000000,-0.000000,-0.000000,-0.000000,0.005704,0.002976,0.002347,0.004790,0.013273,0.003368,-0.006577,-0.013495,-0.000688
-0.000000,0.000000,0.000000,-0.000000,-0.000000,0.000000,0.000000,-0.000000,-0.000000,-0.000000,0.000000,-0.000000,0.000000,-0.000000,-0.000000,0.000000,0.004202,-0.001444,0.005541,-0.000140,0.003743,0.001482,-0.000000,0.000000,-0.000000
0.000000,-0.000000,-0.000000,-0.000000,0.000000,0.000000,0.000000,-0.000000,0.000000,0.000000,0.000000,0.000000,0.000000,0.000000,-0.000000,-0.000000,0.003946,0.002059,0.001623,0.003314,0.009183,0.002330,0.000000,-0.000000,0.000000
0.000000,0.000000,0.000000,-0.000000,-0.000000,0.000000,0.000000,0.000000,-0.000000,0.000000,-0.000000,-0.000000,0.000000,-0.000000,-0.000000,-0.000000,0.005363,-0.017813,0.010314,0.013444,0.002587,-0.000798,-0.004705,0.002211,0.015243
-0.000000,0.000000,-0.000000,-0.000000,0.000000,0.000000,0.000000,0.000000,0.000000,-0.000000,0.000000,0.000000,0.000000,-0.000000,0.000000,-0.000000,-0.001145,-0.007940,0.002181,-0.005952,-0.002033,-0.001889,0.008339,-0.005590,0.019781
-0.000000,-0.000000,-0.000000,-0.000000,-0.000000,0.000000,0.000000,-0.000000,0.000000,0.000000,-0.000000,0.000000,-0.000000,0.000000,-0.000000,0.000000,0.003710,-0.012324,0.007135,0.009300,0.001790,-0.000552,0.000000,-0.000000,-0.000000
0.000000,-0.000000,-0.000000,-0.000000,0.000000,0.000000,0.000000,-0.000000,0.000000,-0.000000,0.000000,-0.000000,-0.000000,0.000000,0.000000,-0.000000,-0.000792,-0.005493,0.001509,-0.004118,-0.001406,-0.001307,-0.000000,0.000000,-0.000000
0.000000,0.000000,-0.000000,-0.000000,-0.000000,0.000000,-0.000000,-0.000000,0.000000,-0.000000,-0.000000,-0.000000,0.000000,-0.000000,-0.000000,-0.000000,-0.000000,0.000000,-0.000000,-0.000000,0.000000,-0.000000,-0.000000,-0.000000,0.000000
0.000000,-0.000000,0.000000,-0.000000,-0.000000,0.000000,-0.000000,0.000000,0.000000,-0.000000,-0.000000,0.000000,0.000000,0.000000,-0.000000,-0.000000,-0.000000,0.000000,-0.000000,0.000000,-0.000000,-0.000000,0.000000,-0.000000,-0.000000
-0.000000,-0.000000,-0.000000,0.000000,0.000000,-0.000000,0.000000,0.000000,0.000000,-0.000000,0.000000,0.000000,-0.000000,-0.000000,0.000000,-0.000000,0.000000,0.000000,0.000000,0.000000,-0.000000,-0.000000,0.000000,-0.000000,-0.000000
0.000000,0.000000,0.000000,-0.000000,-0.000000,0.000000,0.000000,-0.000000,0.000000,0.000000,-0.000000,0.000000,0.000000,-0.000000,-0.000000,-0.000000,-0.000000,-0.000000,0.000000,0.000000,-0.000000,-0.000000,-0.000000,0.000000,0.000000
0.000000,-0.000000,0.000000,-0.000000,-0.000000,-0.000000,0.000000,-0.000000,0.000000,0.000000,0.000000,0.000000,-0.000000,0.000000,0.000000,-0.000000,-0.000000,0.000000,-0.000000,0.000000,-0.000000,-0.000000,0.000000,0.000000,-0.000000
-0.000000,0.000000,0.000000,0.000000,0.000000,0.000000,0.000000,-0.000000,-0.000000,0.000000,-0.000000,-0.000000,0.000000,0.000000,0.000000,0.000000,-0.000000,-0.000000,-0.000000,-0.000000,0.000000,-0.000000,-0.000000,0.000000,0.000000
-0.000000,-0.000000,-0.000000,-0.000000,0.000000,-0.000000,0.000000,-0.000000,0.000000,0.000000,0.000000,-0.000000,-0.000000,-0.000000,-0.000000,0.000000,0.000000,0.000000,-0.000000,0.000000,0.000000,-0.000000,-0.000000,0.000000,0.000000
-0.000000,-0.000000,-0.000000,0.000000,0.000000,-0.000000,-0.000000,0.000000,-0.000000,-0.000000,0.000000,0.000000,-0.000000,-0.000000,0.000000,-0.000000,0.000000,0.000000,-0.000000,-0.000000,-0.000000,-0.000000,-0.000000,0.000000,-0.000000
0.000000,-0.000000,0.000000,0.000000,-0.000000,0.000000,-0.000000,0.000000,0.000000,-0.000000,-0.000000,-0.000000,0.000000,0.000000,0.000000,0.000000,0.000000,0.000000,0.000000,-0.000000,-0.000000,0.000000,-0.000000,0.000000,-0.000000
-0.000000,-0.000000,-0.000000,0.000000,-0.001610,-0.000368,0.000696,-0.000001,0.000000,0.000000,-0.000000,-0.000000,-0.000000,0.000000,-0.000000,-0.000000,0.005344,0.006510,-0.010683,-0.000024,0.010923,-0.000957,0.000000,-0.000000,0.000000
-0.000000,-0.000000,0.000000,0.000000,-0.000104,0.000224,-0.000119,0.001771,0.000000,0.000000,0.000000,0.000000,0.000000,-0.000000,0.000000,-0.000000,-0.008301,0.006814,0.001661,-0.000681,-0.004122,0.005318,-0.000000,0.000000,-0.000000
0.000679,0.000582,0.000321,-0.001525,0.002374,0.000542,-0.001026,0.000002,-0.001503,0.000136,0.001016,0.000605,-0.001560,-0.001080,0.000229,-0.000156,0.004447,0.005418,-0.008891,-0.000020,0.009090,-0.000796,0.002077,0.005992,-0.007774
-0.000777,0.000044,-0.001487,-0.000642,0.000153,-0.000331,0.000175,-0.002611,-0.000563,0.000102,0.000234,-0.001814,-0.000500,0.000348,-0.000597,0.001717,-0.006908,0.005670,0.001382,-0.000567,-0.003430,0.004426,-0.011767,-0.000490,-0.003992
-0.000000,-0.000000,-0.000000,0.000000,-0.000000,0.000000,0.000000,0.000000,0.000000,-0.000000,0.000000,-0.000000,-0.000000,0.000000,-0.000000,-0.000000,0.000000,-0.000000,-0.000000,-0.000000,0.000000,-0.000000,-0.000000,0.000000,-0.000000
0.000000,-0.000000,0.000000,0.000000,-0.000000,-0.000000,-0.000000,-0.000000,0.000000,0.000000,0.000000,-0.000000,-0.000000,0.000000,-0.000000,-0.000000,0.000000,-0.000000,-0.000000,-0.000000,-0.000000,0.000000,-0.000000,-0.000000,-0.000000
-0.000000,0.000000,-0.000000,0.000000,-0.000225,0.001722,0.000390,-0.000205,-0.000000,-0.000000,-0.000000,0.000000,-0.000000,-0.000000,0.000000,0.000000,0.020529,0.002198,0.001778,-0.008820,-0.003793,0.002245,0.000000,-0.000000,0.000000
0.000000,-0.000000,0.000000,0.000000,-0.000747,0.000243,-0.001600,-0.000182,0.000000,-0.000000,0.000000,0.000000,-0.000000,-0.000000,-0.000000,-0.000000,-0.000890,0.010069,0.015871,-0.001566,0.001087,-0.015393,-0.000000,-0.000000,0.000000
0.001279,0.000616,-0.000914,0.000612,0.000332,-0.002540,-0.000575,0.000303,-0.000895,0.000774,-0.001503,0.000127,-0.000669,0.001241,0.001299,0.000005,0.017084,0.001830,0.001480,-0.007340,-0.003156,0.001868,0.001656,-0.012089,-0.006547
-0.000726,0.001584,0.000280,0.000340,0.001101,-0.000359,0.002360,0.000269,-0.000546,-0.001745,-0.000573,-0.000003,0.000738,-0.000921,0.001257,0.000839,-0.000741,0.008379,0.013208,-0.001303,0.000905,-0.012810,0.012952,-0.003088,0.000295
0.000000,-0.000000,0.000000,0.000000,-0.000000,0.000000,-0.000000,-0.000000,-0.000000,0.000000,0.000000,0.000000,-0.000000,-0.000000,0.000000,0.000000,0.000000,-0.000000,-0.000000,0.000000,-0.000000,-0.000000,0.000000,0.000000,0.000000
-0.000679,-0.000582,-0.000321,0.001525,0.002374,0.000542,-0.001026,0.000002,0.001502,-0.000136,-0.001016,-0.000605,0.001560,0.001080,-0.000229,0.000156,0.004447,0.005418,-0.008891,-0.000020,0.009090,-0.000796,-0.002077,-0.005992,0.007774
0.000777,-0.000044,0.001487,0.000642,0.000153,-0.000331,0.000176,-0.002611,0.000563,-0.000102,-0.000234,0.001814,0.000500,-0.000348,0.000597,-0.001717,-0.006908,0.005670,0.001382,-0.000567,-0.003430,0.004426,0.011767,0.000490,0.003992
-0.000000,0.000000,-0.000000,-0.000000,0.001792,0.000409,-0.000774,0.000001,-0.000000,-0.000000,0.000000,0.000000,-0.000000,0.000000,-0.000000,0.000000,0.003077,0.003748,-0.006151,-0.000014,0.006288,-0.000551,-0.000000,0.000000,-0.000000
0.000000,0.000000,0.000000,0.000000,0.000116,-0.000250,0.000132,-0.001971,-0.000000,-0.000000,-0.000000,-0.000000,0.000000,-0.000000,0.000000,-0.000000,-0.004779,0.003923,0.000956,-0.000392,-0.002373,0.003062,0.000000,-0.000000,0.000000
-0.001279,-0.000616,0.000914,-0.000612,0.000332,-0.002540,-0.000575,0.000303,0.000895,-0.000773,0.001503,-0.000127,0.000669,-0.001241,-0.001299,-0.000005,0.017084,0.001830,0.001480,-0.007340,-0.003156,0.001868,-0.001656,0.012089,0.006547
0.000726,-0.001584,-0.000280,-0.000340,0.001101,-0.000359,0.002360,0.000269,0.000546,0.001745,0.000573,0.000003,-0.000738,0.000921,-0.001257,-0.000839,-0.000741,0.008379,0.013208,-0.001303,0.000905,-0.012810,-0.012952,0.003088,-0.000294
-0.000000,0.000000,0.000000,-0.000000,0.000250,-0.001917,-0.000434,0.000228,0.000000,0.000000,0.000000,-0.000000,0.000000,0.000000,0.000000,-0.000000,0.011819,0.001266,0.001024,-0.005078,-0.002183,0.001293,-0.000000,0.000000,-0.000000
-0.000000,0.000000,0.000000,-0.000000,0.000831,-0.000271,0.001781,0.000203,-0.000000,0.000000,-0.000000,-0.000000,0.000000,0.000000,-0.000000,-0.000000,-0.000512,0.005797,0.009137,-0.000901,0.000626,-0.008862,0.000000,0.000000,-0.000000
0.000000,0.000000,0.000000,-0.000000,0.000000,-0.000000,-0.000000,0.000000,0.000000,-0.000000,0.000000,0.000000,-0.000000,0.000000,0.000000,-0.000000,-0.000000,0.000000,-0.000000,0.000000,0.000000,0.000000,-0.000000,-0.000000,0.000000
0.000000,-0.000000,-0.000000,-0.000000,-0.000000,-0.000000,-0.000000,-0.000000,0.000000,0.000000,0.000000,-0.000000,-0.000000,-0.000000,-0.000000,0.000000,0.000000,-0.000000,-0.000000,0.000000,0.000000,0.000000,0.000000,-0.000000,-0.000000
0.000000,0.000000,0.000000,-0.000000,-0.000000,0.000000,0.000000,-0.000000,0.000000,0.000000,-0.000000,0.000000,0.000000,0.000000,-0.000000,-0.000000,0.000000,-0.000000,0.000000,0.000000,0.000000,-0.000000,0.000000,-0.000000,0.000000
-0.000000,-0.000000,-0.000000,0.000000,-0.000000,-0.000000,0.000000,0.000000,0.000000,-0.000000,0.000000,-0.000000,0.000000,0.000000,-0.000000,-0.000000,0.000000,0.000000,0.000000,-0.000000,-0.000000,0.000000,-0.000000,-0.000000,0.000000
-0.000000,-0.000000,-0.000000,0.000000,-0.000000,0.000000,0.000000,-0.000000,0.000000,-0.000000,0.000000,-0.000000,0.000000,-0.000000,0.000000,-0.000000,0.000000,-0.000000,-0.000000,0.000000,-0.000000,0.000000,0.000000,0.000000,0.000000
0.000000,-0.000000,0.000000,-0.000000,0.000000,-0.000000,0.000000,0.000000,-0.000000,-0.000000,0.000000,-0.000000,0.000000,0.000000,-0.000000,-0.000000,-0.000000,-0.000000,-0.000000,0.000000,0.000000,0.000000,0.000000,-0.000000,-0.000000
0.000000,0.000000,-0.000000,-0.000000,0.000000,-0.000000,0.000000,-0.000000,-0.000000,-0.000000,0.000000,-0.000000,-0.000000,-0.000000,0.000000,-0.000000,0.000000,0.000000,-0.000000,-0.000000,0.000000,0.000000,0.000000,0.000000,0.000000
-0.000000,0.000000,0.000000,-0.000000,-0.000000,-0.000000,-0.000000,-0.000000,-0.000000,-0.000000,-0.000000,0.000000,0.000000,0.000000,0.000000,-0.000000,-0.000000,0.000000,-0.000000,0.000000,-0.000000,-0.000000,-0.000000,0.000000,0.000000
-0.000000,0.000000,-0.000000,0.000000,0.000000,-0.000000,-0.000000,-0.000000,0.000000,0.000000,-0.000000,0.000000,-0.000000,-0.000000,-0.000000,0.000000,-0.000000,0.000000,0.000000,0.000000,0.000000,-0.000000,-0.000000,0.000000,-0.000000
-0.000000,0.000000,-0.000000,0.000000,0.000000,-0.000000,-0.000000,0.000000,-0.000000,0.000000,-0.000000,-0.000000,0.000000,0.000000,-0.000000,-0.000000,0.000000,-0.000000,-0.000000,-0.000000,0.000000,0.000000,0.000970,0.001436,-0.000273
-0.000000,0.000000,-0.000000,-0.000000,0.000000,-0.000000,-0.000000,-0.000000,0.000000,-0.000000,-0.000000,0.000000,-0.000000,-0.000000,-0.000000,-0.000000,0.000000,-0.000000,-0.000000,0.000000,0.000000,0.000000,-0.002407,-0.004940,-0.000252
0.000000,-0.000000,0.000000,0.000000,0.000000,-0.000000,0.000000,-0.000000,0.000000,0.000000,-0.000000,-0.000000,0.000000,-0.000000,-0.000000,-0.000000,0.002540,-0.000873,0.003350,-0.000085,0.002263,0.000896,-0.001422,-0.002106,0.000400
-0.000000,0.000000,-0.000000,-0.000000,0.000000,-0.000000,-0.000000,0.000000,0.000000,0.000000,-0.000000,0.000000,0.000000,0.000000,0.000000,0.000000,0.002386,0.001245,0.000981,0.002003,0.005551,0.001409,0.003531,0.007244,0.000370
-0.000000,0.000000,-0.000000,-0.000000,-0.000000,0.000000,0.000000,0.000000,-0.000000,-0.000000,0.000000,0.000000,-0.000000,-0.000000,-0.000000,0.000000,0.000000,0.000000,-0.000000,0.000000,0.000000,0.000000,0.000000,-0.000000,-0.000000
0.000000,-0.000000,0.000000,-0.000000,-0.000000,-0.000000,-0.000000,-0.000000,-0.000000,-0.000000,-0.000000,0.000000,0.000000,0.000000,0.000000,0.000000,0.000000,-0.000000,-0.000000,0.000000,0.000000,0.000000,-0.000000,-0.000000,0.000000
0.000000,-0.000000,0.000000,0.000000,-0.000000,0.000000,0.000000,-0.000000,0.000000,-0.000000,0.000000,0.000000,0.000000,0.000000,-0.000000,-0.000000,0.000000,0.000000,0.000000,-0.000000,0.000000,-0.000000,-0.001722,0.000809,0.005580
0.000000,-0.000000,0.000000,-0.000000,0.000000,-0.000000,0.000000,-0.000000,0.000000,0.000000,0.000000,0.000000,-0.000000,0.000000,0.000000,-0.000000,0.000000,-0.000000,0.000000,-0.000000,0.000000,-0.000000,0.003053,-0.002046,0.007241
-0.000000,0.000000,-0.000000,0.000000,0.000000,0.000000,-0.000000,0.000000,0.000000,-0.000000,-0.000000,0.000000,0.000000,-0.000000,0.000000,0.000000,0.002243,-0.007450,0.004314,0.005622,0.001082,-0.000334,0.002526,-0.001187,-0.008183
-0.000000,0.000000,-0.000000,-0.000000,0.000000,0.000000,-0.000000,-0.000000,-0.000000,-0.000000,0.000000,-0.000000,0.000000,-0.000000,-0.000000,-0.000000,-0.000479,-0.003321,0.000912,-0.002489,-0.000850,-0.000790,-0.004477,0.003001,-0.010618
-0.000000,0.000000,-0.000000,-0.000000,0.000000,0.000000,0.000000,0.000000,-0.000000,0.000000,-0.000000,0.000000,-0.000000,-0.000000,0.000000,0.000000,0.000000,0.000000,-0.000000,-0.000000,0.000000,-0.000000,-0.000000,-0.000000,-0.000000
0.000000,-0.000000,-0.000000,-0.000000,0.000000,-0.000000,-0.000000,0.000000,-0.000000,0.000000,0.000000,0.000000,0.000000,-0.000000,0.000000,-0.000000,-0.002540,0.000873,-0.003350,0.000085,-0.002263,-0.000896,-0.001422,-0.002106,0.000400
-0.000000,0.000000,-0.000000,-0.000000,0.000000,0.000000,-0.000000,-0.000000,0.000000,0.000000,-0.000000,0.000000,-0.000000,0.000000,0.000000,0.000000,-0.002386,-0.001245,-0.000981,-0.002003,-0.005551,-0.001408,0.003531,0.007244,0.000369
-0.000000,0.000000,-0.000000,0.000000,-0.000000,0.000000,0.000000,0.000000,0.000000,0.000000,0.000000,0.000000,-0.000000,-0.000000,0.000000,0.000000,0.000000,-0.000000,0.000000,0.000000,-0.000000,-0.000000,-0.001073,-0.001588,0.000301
-0.000000,0.000000,-0.000000,-0.000000,0.000000,-0.000000,-0.000000,-0.000000,-0.000000,-0.000000,0.000000,0.000000,0.000000,0.000000,-0.000000,-0.000000,0.000000,0.000000,-0.000000,0.000000,0.000000,0.000000,0.002663,0.005463,0.000279
-0.000000,0.000000,0.000000,0.000000,-0.000000,0.000000,0.000000,-0.000000,0.000000,0.000000,-0.000000,0.000000,0.000000,-0.000000,0.000000,0.000000,-0.002243,0.007450,-0.004314,-0.005622,-0.001082,0.000334,0.002526,-0.001187,-0.008182
0.000000,-0.000000,0.000000,-0.000000,0.000000,-0.000000,-0.000000,0.000000,-0.000000,0.000000,-0.000000,0.000000,-0.000000,-0.000000,-0.000000,-0.000000,0.000479,0.003321,-0.000912,0.002489,0.000850,0.000790,-0.004477,0.003001,-0.010618
0.000000,-0.000000,-0.000000,-0.000000,-0.000000,0.000000,0.000000,0.000000,0.000000,-0.000000,0.000000,0.000000,-0.000000,-0.000000,0.000000,-0.000000,-0.000000,-0.000000,0.000000,-0.000000,0.000000,0.000000,0.001905,-0.000895,-0.006171
0.000000,-0.000000,0.000000,0.000000,0.000000,0.000000,0.000000,-0.000000,-0.000000,0.000000,0.000000,0.000000,-0.000000,-0.000000,-0.000000,0.000000,0.000000,0.000000,-0.000000,0.000000,-0.000000,0.000000,-0.003376,0.002263,-0.008008
-0.000000,0.000000,-0.000000,-0.000000,0.000000,-0.000000,-0.000000,0.000000,0.000000,0.000000,-0.000000,0.000000,0.000000,0.000000,0.000000,-0.000000,0.000000,0.000000,-0.000000,0.000000,0.000000,-0.000000,0.000000,-0.000000,-0.000000
-0.000000,0.000000,-0.000000,-0.000000,0.000000,-0.000000,0.000000,-0.000000,0.000000,-0.000000,0.000000,0.000000,0.000000,0.000000,0.000000,0.000000,-0.000000,0.000000,0.000000,0.000000,0.000000,0.000000,-0.000000,0.000000,0.000000
0.000000,0.000000,-0.000000,-0.000000,-0.000000,-0.000000,0.000000,0.000000,-0.000000,0.000000,-0.000000,-0.000000,-0.000000,-0.000000,-0.000000,0.000000,0.000000,-0.000000,0.000000,-0.000000,-0.000000,-0.000000,0.000000,0.000000,-0.000000
-0.000000,-0.000000,0.000000,0.000000,-0.000000,0.000000,0.000000,-0.000000,0.000000,-0.000000,0.000000,0.000000,-0.000000,-0.000000,-0.000000,-0.000000,0.000000,-0.000000,0.000000,-0.000000,0.000000,-0.000000,0.000000,-0.000000,-0.000000
0.000000,-0.000000,-0.000000,-0.000000,0.000000,-0.000000,0.000000,-0.000000,-0.000000,-0.000000,-0.000000,0.000000,0.000000,-0.000000,-0.000000,-0.000000,0.000000,0.000000,-0.000000,-0.000000,0.000000,0.000000,-0.000000,-0.000000,0.000000
-0.000000,0.000000,-0.000000,-0.000000,-0.000000,0.000000,0.000000,0.000000,0.000000,-0.000000,-0.000000,-0.000000,-0.000000,0.000000,0.000000,0.000000,-0.000000,-0.000000,0.000000,0.000000,-0.000000,0.000000,0.000000,0.000000,-0.000000
0.000000,0.000000,-0.000000,-0.000000,0.000000,-0.000000,-0.000000,-0.000000,0.000000,0.000000,-0.000000,-0.000000,0.000000,-0.000000,0.000000,0.000000,0.000000,0.000000,-0.000000,0.000000,0.000000,0.000000,0.000000,0.000000,0.000000
-0.000000,0.000000,0.000000,-0.000000,0.000000,-0.000000,-0.000000,0.000000,0.000000,0.000000,-0.000000,-0.000000,0.000000,-0.000000,0.000000,-0.000000,-0.000000,0.000000,-0.000000,-0.000000,-0.000000,-0.000000,-0.000000,-0.000000,0.000000
-0.000000,-0.000000,0.000000,-0.000000,-0.000000,0.000000,0.000000,0.000000,0.000000,-0.000000,0.000000,-0.000000,0.000000,-0.000000,0.000000,0.000000,0.000000,-0.000000,-0.000000,-0.000000,0.000000,-0.000000,-0.000000,0.000000,-0.000000
0.008290,0.007103,0.003922,-0.018625,0.000001,-0.000000,-0.000000,0.000001,0.023345,-0.002112,-0.015779,-0.009397,0.016146,0.011180,-0.002369,0.001615,-0.000000,0.000000,-0.000000,-0.000000,-0.000000,0.000000,-0.000760,-0.002193,0.002846
-0.009488,0.000541,-0.018157,-0.007840,-0.000000,-0.000001,0.000000,-0.000001,0.008743,-0.001586,-0.003639,0.028187,0.005181,-0.003605,0.006184,-0.017771,-0.000000,-0.000000,0.000000,0.000000,0.000000,0.000000,0.004307,0.000180,0.001461
0.007787,0.006672,0.003684,-0.017494,0.024988,0.005709,-0.010797,0.000017,-0.000103,0.000009,0.000070,0.000042,-0.015298,-0.010593,0.002244,-0.001530,0.001860,0.002266,-0.003718,-0.000008,0.003802,-0.000333,0.001115,0.003216,-0.004173
-0.008912,0.000508,-0.017054,-0.007364,0.001613,-0.003483,0.001847,-0.027485,-0.000039,0.000007,0.000015,-0.000124,-0.004909,0.003416,-0.005859,0.016838,-0.002889,0.002371,0.000578,-0.000237,-0.001434,0.001851,-0.006316,-0.000263,-0.002143
0.000000,-0.000000,-0.000000,-0.000000,-0.000000,0.000000,-0.000000,0.000000,0.000000,-0.000000,-0.000000,-0.000000,-0.000000,0.000000,-0.000000,-0.000000,0.000000,-0.000000,0.000000,-0.000000,0.000000,0.000000,-0.000000,-0.000000,0.000000
-0.000000,0.000000,-0.000000,0.000000,-0.000000,-0.000000,-0.000000,0.000000,0.000000,0.000000,-0.000000,-0.000000,-0.000000,-0.000000,-0.000000,-0.000000,0.000000,0.000000,-0.000000,-0.000000,-0.000000,0.000000,0.000000,0.000000,-0.000000
0.015626,0.007528,-0.011169,0.007475,-0.000000,0.000001,0.000001,-0.000001,0.013901,-0.012018,0.023349,-0.001973,0.006929,-0.012848,-0.013446,-0.000052,-0.000000,-0.000000,0.000000,-0.000000,0.000000,-0.000000,-0.000606,0.004425,0.002397
-0.008862,0.019340,0.003415,0.004150,0.000000,0.000001,0.000000,-0.000001,0.008490,0.027117,0.008907,0.000042,-0.007639,0.009530,-0.013010,-0.008687,0.000000,0.000000,0.000000,0.000000,-0.000000,0.000000,-0.004741,0.001130,-0.000108
0.014677,0.007071,-0.010490,0.007021,0.003490,-0.026732,-0.006054,0.003186,-0.000061,0.000053,-0.000101,0.000008,-0.006565,0.012174,0.012740,0.000049,0.007145,0.000765,0.000619,-0.003070,-0.001320,0.000781,0.000889,-0.006489,-0.003515
-0.008324,0.018165,0.003208,0.003898,0.011593,-0.003775,0.024838,0.002828,-0.000038,-0.000119,-0.000039,-0.000000,0.007237,-0.009030,0.012326,0.008231,-0.000310,0.003504,0.005524,-0.000545,0.000378,-0.005357,0.006953,-0.001658,0.000158
-0.000000,-0.000000,0.000000,0.000000,-0.000000,0.000000,-0.000000,-0.000000,-0.000000,0.000000,0.000000,0.000000,0.000000,-0.000000,0.000000,-0.000000,0.000000,-0.000000,0.000000,-0.000000,-0.000000,-0.000000,0.000000,0.000000,0.000000
0.007787,0.006672,0.003684,-0.017494,-0.024988,-0.005709,0.010797,-0.000017,-0.000102,0.000010,0.000068,0.000040,-0.015298,-0.010593,0.002244,-0.001530,-0.001860,-0.002266,0.003718,0.000008,-0.003802,0.000333,0.001115,0.003216,-0.004173
-0.008912,0.000508,-0.017054,-0.007364,-0.001613,0.003483,-0.001847,0.027485,-0.000038,0.000007,0.000017,-0.000123,-0.004909,0.003416,-0.005859,0.016838,0.002889,-0.002371,-0.000578,0.000237,0.001434,-0.001851,-0.006317,-0.000263,-0.002143
0.007291,0.006247,0.003449,-0.016380,-0.000001,0.000000,0.000000,-0.000000,-0.020446,0.001849,0.013820,0.008230,0.014676,0.010162,-0.002153,0.001468,-0.000000,0.000000,0.000000,0.000000,-0.000000,0.000000,0.000841,0.002426,-0.003147
-0.008344,0.000476,-0.015968,-0.006895,0.000000,0.000001,-0.000000,0.000001,-0.007657,0.001389,0.003187,-0.024687,0.004710,-0.003277,0.005621,-0.016154,-0.000000,0.000000,-0.000000,0.000000,0.000000,-0.000000,-0.004764,-0.000199,-0.001616
0.014677,0.007071,-0.010490,0.007021,-0.003490,0.026732,0.006054,-0.003186,-0.000061,0.000052,-0.000104,0.000009,-0.006565,0.012174,0.012740,0.000049,-0.007145,-0.000765,-0.000619,0.003070,0.001320,-0.000781,0.000889,-0.006489,-0.003514
-0.008324,0.018165,0.003208,0.003898,-0.011593,0.003775,-0.024838,-0.002828,-0.000037,-0.000119,-0.000039,-0.000000,0.007237,-0.009030,0.012326,0.008231,0.000310,-0.003504,-0.005524,0.000545,-0.000378,0.005357,0.006953,-0.001658,0.000158
0.013742,0.006621,-0.009823,0.006574,0.000000,-0.000001,-0.000001,0.000001,-0.012175,0.010526,-0.020450,0.001728,0.006299,-0.011679,-0.012222,-0.000047,0.000000,-0.000000,0.000000,-0.000000,-0.000000,-0.000000,0.000670,-0.004894,-0.002650
-0.007794,0.017009,0.003004,0.003650,-0.000000,-0.000001,-0.000000,0.000001,-0.007436,-0.023750,-0.007801,-0.000037,-0.006943,0.008663,-0.011825,-0.007897,-0.000000,-0.000000,-0.000000,-0.000000,-0.000000,-0.000000,0.005243,-0.001250,0.000119
0.000000,0.000000,0.000000,-0.000000,-0.000000,0.000000,-0.000000,0.000000,0.000000,0.000000,-0.000000,-0.000000,0.000000,0.000000,-0.000000,-0.000000,0.000000,0.000000,-0.000000,0.000000,0.000000,-0.000000,-0.000000,0.000000,0.000000
-0.000000,0.000000,0.000000,0.000000,0.000000,0.000000,0.000000,-0.000000,0.000000,0.000000,0.000000,-0.000000,0.000000,0.000000,0.000000,-0.000000,0.000000,0.000000,0.000000,0.000000,0.000000,0.000000,0.000000,0.000000,-0.000000
-0.000000,0.000000,-0.000000,0.000000,0.000000,0.000000,-0.000000,0.000000,0.000000,-0.000000,0.000000,0.000000,-0.000000,-0.000000,0.000000,0.000000,-0.000000,-0.000000,0.000000,-0.000000,0.000000,0.000000,-0.000000,0.000000,-0.000000
0.000000,-0.000000,0.000000,-0.000000,-0.000000,0.000000,-0.000000,-0.000000,-0.000000,0.000000,-0.000000,0.000000,-0.000000,-0.000000,0.000000,0.000000,0.000000,0.000000,0.000000,-0.000000,0.000000,0.000000,0.000000,0.000000,-0.000000
0.000000,0.000000,-0.000000,-0.000000,-0.000000,0.000000,-0.000000,0.000000,-0.000000,0.000000,-0.000000,0.000000,-0.000000,0.000000,-0.000000,0.000000,0.000000,0.000000,0.000000,0.000000,-0.000000,0.000000,-0.000000,0.000000,-0.000000
-0.000000,0.000000,-0.000000,-0.000000,-0.000000,0.000000,0.000000,0.000000,0.000000,-0.000000,0.000000,0.000000,-0.000000,-0.000000,-0.000000,-0.000000,0.000000,0.000000,0.000000,0.000000,-0.000000,0.000000,-0.000000,0.000000,0.000000
-0.000000,0.000000,-0.000000,-0.000000,0.000000,0.000000,-0.000000,-0.000000,-0.000000,0.000000,-0.000000,-0.000000,-0.000000,0.000000,0.000000,-0.000000,0.000000,-0.000000,-0.000000,0.000000,-0.000000,0.000000,-0.000000,0.000000,0.000000
-0.000000,0.000000,0.000000,-0.000000,-0.000000,-0.000000,0.000000,-0.000000,-0.000000,0.000000,-0.000000,0.000000,-0.000000,-0.000000,-0.000000,0.000000,0.000000,-0.000000,-0.000000,0.000000,0.000000,-0.000000,0.000000,-0.000000,0.000000
0.000000,-0.000000,0.000000,-0.000000,0.000000,-0.000000,0.000000,0.000000,0.000000,-0.000000,0.000000,-0.000000,-0.000000,0.000000,0.000000,0.000000,-0.000000,-0.000000,-0.000000,-0.000000,-0.000000,0.000000,0.000000,-0.000000,-0.000000
-0.000000,0.000000,-0.000000,0.000000,0.001610,0.000368,-0.000696,0.000001,-0.000000,-0.000000,0.000000,0.000000,-0.000000,0.000000,0.000000,-0.000000,0.005344,0.006510,-0.010683,-0.000024,0.010923,-0.000957,0.000000,-0.000000,0.000000
0.000000,-0.000000,0.000000,-0.000000,0.000104,-0.000224,0.000119,-0.001771,-0.000000,-0.000000,-0.000000,-0.000000,-0.000000,0.000000,0.000000,0.000000,-0.008301,0.006814,0.001661,-0.000681,-0.004122,0.005318,-0.000000,0.000000,-0.000000
-0.000679,-0.000582,-0.000321,0.001525,-0.002374,-0.000542,0.001026,-0.000002,0.001503,-0.000136,-0.001016,-0.000605,0.001560,0.001080,-0.000229,0.000156,0.004447,0.005418,-0.008891,-0.000020,0.009090,-0.000796,0.002077,0.005992,-0.007774
0.000777,-0.000044,0.001487,0.000642,-0.000153,0.000331,-0.000175,0.002611,0.000563,-0.000102,-0.000234,0.001814,0.000500,-0.000348,0.000597,-0.001717,-0.006908,0.005670,0.001382,-0.000567,-0.003430,0.004426,-0.011767,-0.000490,-0.003992
-0.000000,0.000000,0.000000,-0.000000,0.000000,-0.000000,0.000000,-0.000000,-0.000000,0.000000,0.000000,-0.000000,-0.000000,-0.000000,-0.000000,-0.000000,-0.000000,0.000000,0.000000,0.000000,-0.000000,0.000000,0.000000,0.000000,-0.000000
-0.000000,-0.000000,0.000000,-0.000000,0.000000,0.000000,0.000000,-0.000000,0.000000,0.000000,-0.000000,-0.000000,-0.000000,0.000000,0.000000,0.000000,0.000000,-0.000000,0.000000,0.000000,-0.000000,0.000000,-0.000000,-0.000000,-0.000000
-0.000000,-0.000000,-0.000000,0.000000,0.000225,-0.001722,-0.000390,0.000205,0.000000,0.000000,0.000000,-0.000000,-0.000000,-0.000000,0.000000,0.000000,0.020529,0.002198,0.001778,-0.008820,-0.003793,0.002245,0.000000,-0.000000,0.000000
-0.000000,0.000000,0.000000,0.000000,0.000747,-0.000243,0.001600,0.000182,-0.000000,0.000000,-0.000000,-0.000000,0.000000,0.000000,-0.000000,0.000000,-0.000890,0.010069,0.015871,-0.001566,0.001087,-0.015393,-0.000000,-0.000000,0.000000
-0.001279,-0.000616,0.000914,-0.000612,-0.000332,0.002540,0.000575,-0.000303,0.000895,-0.000774,0.001503,-0.000127,0.000669,-0.001241,-0.001299,-0.000005,0.017084,0.001830,0.001480,-0.007340,-0.003156,0.001868,0.001656,-0.012089,-0.006547
0.000726,-0.001584,-0.000280,-0.000340,-0.001101,0.000359,-0.002360,-0.000269,0.000546,0.001745,0.000573,0.000003,-0.000738,0.000921,-0.001257,-0.000839,-0.000741,0.008379,0.013208,-0.001303,0.000905,-0.012810,0.012952,-0.003088,0.000295
-0.000000,0.000000,-0.000000,-0.000000,0.000000,-0.000000,0.000000,-0.000000,-0.000000,-0.000000,-0.000000,-0.000000,-0.000000,0.000000,-0.000000,0.000000,-0.000000,0.000000,-0.000000,0.000000,-0.000000,0.000000,-0.000000,0.000000,0.000000
0.000679,0.000582,0.000321,-0.001525,-0.002374,-0.000542,0.001026,-0.000002,-0.001502,0.000136,0.001016,0.000605,-0.001560,-0.001080,0.000229,-0.000156,0.004447,0.005418,-0.008891,-0.000020,0.009090,-0.000796,-0.002077,-0.005992,0.007774
-0.000777,0.000044,-0.001487,-0.000642,-0.000153,0.000331,-0.000176,0.002611,-0.000563,0.000102,0.000234,-0.001814,-0.000500,0.000348,-0.000597,0.001717,-0.006908,0.005670,0.001382,-0.000567,-0.003430,0.004426,0.011767,0.000490,0.003992
0.000000,-0.000000,-0.000000,0.000000,-0.001792,-0.000409,0.000774,-0.000001,0.000000,0.000000,-0.000000,-0.000000,0.000000,-0.000000,-0.000000,0.000000,0.003077,0.003748,-0.006151,-0.000014,0.006289,-0.000551,-0.000000,0.000000,-0.000000
0.000000,0.000000,0.000000,0.000000,-0.000116,0.000250,-0.000132,0.001971,0.000000,0.000000,0.000000,0.000000,0.000000,0.000000,0.000000,0.000000,-0.004779,0.003923,0.000956,-0.000392,-0.002373,0.003062,0.000000,-0.000000,0.000000
0.001279,0.000616,-0.000914,0.000612,-0.000332,0.002540,0.000575,-0.000303,-0.000895,0.000773,-0.001503,0.000127,-0.000669,0.001241,0.001299,0.000005,0.017084,0.001830,0.001480,-0.007340,-0.003156,0.001868,-0.001656,0.012089,0.006547
-0.000726,0.001584,0.000280,0.000340,-0.001101,0.000359,-0.002360,-0.000269,-0.000546,-0.001745,-0.000573,-0.000003,0.000738,-0.000921,0.001257,0.000839,-0.000741,0.008379,0.013208,-0.001303,0.000905,-0.012810,-0.012952,0.003088,-0.000294
0.000000,-0.000000,0.000000,-0.000000,-0.000250,0.001917,0.000434,-0.000228,-0.000000,-0.000000,-0.000000,0.000000,0.000000,0.000000,0.000000,0.000000,0.011819,0.001266,0.001024,-0.005078,-0.002183,0.001293,-0.000000,0.000000,-0.000000
-0.000000,-0.000000,0.000000,-0.000000,-0.000831,0.000271,-0.001781,-0.000203,0.000000,-0.000000,0.000000,0.000000,0.000000,-0.000000,-0.000000,-0.000000,-0.000512,0.005797,0.009137,-0.000901,0.000626,-0.008862,0.000000,0.000000,-0.000000
-0.000000,-0.000000,-0.000000,0.000000,0.000000,0.000000,0.000000,0.000000,-0.000000,0.000000,0.000000,-0.000000,-0.000000,0.000000,-0.000000,-0.000000,-0.000000,0.000000,0.000000,0.000000,-0.000000,-0.000000,0.000000,-0.000000,-0.000000
-0.000000,0.000000,0.000000,0.000000,-0.000000,0.000000,-0.000000,0.000000,-0.000000,0.000000,0.000000,-0.000000,0.000000,0.000000,0.000000,-0.000000,0.000000,-0.000000,0.000000,-0.000000,0.000000,-0.000000,-0.000000,-0.000000,0.000000
0.000000,0.000000,0.000000,-0.000000,0.000000,0.000000,-0.000000,-0.000000,0.000000,-0.000000,0.000000,-0.000000,0.000000,0.000000,0.000000,0.000000,0.000000,-0.000000,0.000000,-0.000000,0.000000,0.000000,-0.000000,0.000000,0.000000
0.000000,0.000000,0.000000,0.000000,0.000000,-0.000000,-0.000000,-0.000000,-0.000000,0.000000,0.000000,-0.000000,0.000000,0.000000,-0.000000,-0.000000,0.000000,-0.000000,-0.000000,-0.000000,0.000000,-0.000000,0.000000,0.000000,-0.000000
0.000000,-0.000000,0.000000,0.000000,0.000000,-0.000000,0.000000,0.000000,0.000000,-0.000000,0.000000,0.000000,0.000000,0.000000,0.000000,0.000000,-0.000000,0.000000,-0.000000,0.000000,0.000000,0.000000,0.000000,0.000000,0.000000
-0.000000,0.000000,-0.000000,0.000000,0.000000,-0.000000,0.000000,0.000000,0.000000,0.000000,0.000000,-0.000000,-0.000000,-0.000000,0.000000,-0.000000,-0.000000,0.000000,-0.000000,-0.000000,-0.000000,-0.000000,0.000000,-0.000000,0.000000
-0.000000,0.000000,0.000000,-0.000000,-0.000000,0.000000,0.000000,-0.000000,-0.000000,-0.000000,0.000000,-0.000000,0.000000,0.000000,-0.000000,-0.000000,0.000000,0.000000,-0.000000,-0.000000,0.000000,-0.000000,-0.000000,0.000000,0.000000
0.000000,-0.000000,-0.000000,-0.000000,0.000000,-0.000000,-0.000000,0.000000,-0.000000,-0.000000,-0.000000,-0.000000,0.000000,0.000000,0.000000,-0.000000,0.000000,-0.000000,0.000000,0.000000,-0.000000,-0.000000,-0.000000,0.000000,0.000000
-0.000000,0.000000,0.000000,-0.000000,-0.000000,0.000000,0.000000,0.000000,-0.000000,0.000000,-0.000000,-0.000000,-0.000000,0.000000,0.000000,0.000000,-0.000000,0.000000,0.000000,0.000000,0.000000,-0.000000,-0.000000,-0.000000,0.000000
-0.000000,0.000000,-0.000000,-0.000000,-0.000000,-0.000000,0.000000,-0.000000,-0.000000,-0.000000,-0.000000,-0.000000,0.000000,-0.000000,0.000000,0.000000,0.007030,0.007549,0.002592,0.007003,-0.023651,0.007455,0.000000,0.000001,-0.000000
-0.000000,0.000000,-0.000000,0.000000,0.000000,-0.000000,0.000000,0.000000,-0.000000,-0.000000,0.000000,-0.000000,0.000000,-0.000000,0.000000,-0.000000,-0.005332,-0.013661,0.003997,-0.024568,-0.000057,0.003505,-0.000001,-0.000001,-0.000000
-0.000000,-0.000000,0.000000,-0.000000,0.000000,0.000000,-0.000000,0.000000,0.000000,0.000000,0.000000,-0.000000,0.000000,0.000000,0.000000,-0.000000,0.005850,0.006282,0.002157,0.005828,-0.019683,0.006204,-0.013757,0.002112,0.009856
-0.000000,-0.000000,-0.000000,0.000000,-0.000000,-0.000000,-0.000000,-0.000000,-0.000000,-0.000000,-0.000000,-0.000000,-0.000000,0.000000,-0.000000,0.000000,-0.004438,-0.011369,0.003326,-0.020446,-0.000048,0.002917,-0.002944,-0.010063,0.001126
0.000000,0.000000,0.000000,-0.000000,0.000000,-0.000000,-0.000000,-0.000000,-0.000000,0.000000,-0.000000,0.000000,0.000000,0.000000,-0.000000,0.000000,0.000000,-0.000000,-0.000000,-0.000000,0.000000,-0.000000,0.000000,0.000000,-0.000000
-0.000000,0.000000,-0.000000,-0.000000,0.000000,-0.000000,-0.000000,-0.000000,0.000000,-0.000000,0.000000,0.000000,0.000000,0.000000,0.000000,-0.000000,0.000000,0.000000,0.000000,0.000000,-0.000000,-0.000000,-0.000000,0.000000,-0.000000
-0.000000,0.000000,0.000000,0.000000,0.000000,-0.000000,-0.000000,0.000000,-0.000000,-0.000000,0.000000,0.000000,-0.000000,-0.000000,-0.000000,0.000000,-0.001448,0.004673,0.002743,-0.010922,0.005574,-0.001210,-0.000000,-0.000000,-0.000000
-0.000000,0.000000,-0.000000,0.000000,-0.000000,0.000000,0.000000,0.000000,-0.000000,0.000000,0.000000,0.000000,-0.000000,-0.000000,0.000000,0.000000,-0.003959,0.007409,0.015605,-0.000162,0.008499,0.025257,-0.000000,-0.000001,-0.000000
0.000000,0.000000,0.000000,-0.000000,0.000000,-0.000000,-0.000000,0.000000,0.000000,0.000000,-0.000000,0.000000,-0.000000,0.000000,-0.000000,-0.000000,-0.001205,0.003889,0.002283,-0.009090,0.004639,-0.001007,-0.001376,-0.002421,0.003511
-0.000000,0.000000,-0.000000,0.000000,0.000000,-0.000000,0.000000,0.000000,-0.000000,-0.000000,0.000000,0.000000,-0.000000,-0.000000,0.000000,0.000000,-0.003295,0.006166,0.012987,-0.000135,0.007073,0.021019,0.002399,0.015660,0.000147
-0.000000,-0.000000,-0.000000,0.000000,-0.000000,-0.000000,-0.000000,0.000000,-0.000000,-0.000000,0.000000,0.000000,0.000000,-0.000000,0.000000,0.000000,0.000000,-0.000000,-0.000000,-0.000000,-0.000000,0.000000,-0.000000,-0.000000,-0.000000
0.000000,-0.000000,0.000000,-0.000000,-0.000000,0.000000,0.000000,0.000000,-0.000000,-0.000000,-0.000000,0.000000,-0.000000,-0.000000,-0.000000,0.000000,0.005850,0.006282,0.002157,0.005828,-0.019683,0.006204,0.013758,-0.002111,-0.009856
0.000000,-0.000000,-0.000000,0.000000,-0.000000,-0.000000,-0.000000,0.000000,-0.000000,-0.000000,-0.000000,-0.000000,-0.000000,0.000000,0.000000,0.000000,-0.004437,-0.011369,0.003326,-0.020446,-0.000048,0.002917,0.002944,0.010063,-0.001126
-0.000000,0.000000,0.000000,0.000000,-0.000000,0.000000,0.000000,-0.000000,0.000000,0.000000,-0.000000,0.000000,0.000000,0.000000,-0.000000,0.000000,0.004047,0.004346,0.001492,0.004032,-0.013617,0.004292,-0.000000,-0.000000,0.000000
-0.000000,0.000000,-0.000000,-0.000000,-0.000000,0.000000,0.000000,-0.000000,0.000000,0.000000,-0.000000,-0.000000,-0.000000,-0.000000,0.000000,0.000000,-0.003070,-0.007865,0.002301,-0.014145,-0.000033,0.002018,0.000000,0.000000,0.000000
0.000000,0.000000,0.000000,0.000000,0.000000,0.000000,-0.000000,-0.000000,0.000000,-0.000000,0.000000,0.000000,-0.000000,-0.000000,0.000000,-0.000000,-0.001205,0.003889,0.002283,-0.009090,0.004639,-0.001007,0.001376,0.002421,-0.003511
0.000000,-0.000000,-0.000000,0.000000,0.000000,0.000000,0.000000,0.000000,-0.000000,0.000000,-0.000000,-0.000000,0.000000,0.000000,-0.000000,0.000000,-0.003295,0.006166,0.012987,-0.000135,0.007073,0.021019,-0.002399,-0.015660,-0.000147
0.000000,-0.000000,0.000000,0.000000,0.000000,0.000000,-0.000000,0.000000,-0.000000,0.000000,-0.000000,0.000000,0.000000,-0.000000,-0.000000,-0.000000,-0.000833,0.002690,0.001579,-0.006288,0.003209,-0.000696,0.000000,0.000000,0.000000
0.000000,0.000000,0.000000,0.000000,0.000000,0.000000,0.000000,0.000000,-0.000000,-0.000000,-0.000000,0.000000,-0.000000,0.000000,0.000000,-0.000000,-0.002280,0.004266,0.008984,-0.000094,0.004893,0.014541,0.000000,0.000000,0.000000
0.000000,0.000000,0.000000,0.000000,0.000000,-0.000000,0.000000,0.000000,0.000000,0.000000,0.000000,0.000000,0.000000,-0.000000,-0.000000,-0.000000,-0.000000,-0.000000,0.000000,-0.000000,-0.000000,-0.000000,-0.000000,-0.000000,-0.000000
0.000000,-0.000000,0.000000,0.000000,-0.000000,0.000000,-0.000000,0.000000,0.000000,-0.000000,-0.000000,-0.000000,-0.000000,0.000000,0.000000,-0.000000,-0.000000,-0.000000,-0.000000,0.000000,0.000000,-0.000000,0.000000,-0.000000,-0.000000
-0.000000,0.000000,-0.000000,-0.000000,0.000000,0.000000,-0.000000,-0.000000,-0.000000,0.000000,-0.000000,0.000000,0.000000,-0.000000,-0.000000,0.000000,0.000000,0.000000,-0.000000,0.000000,0.000000,0.000000,-0.000000,0.000000,0.000000
0.000000,-0.000000,0.000000,0.000000,-0.000000,0.000000,0.000000,0.000000,0.000000,0.000000,-0.000000,0.000000,0.000000,0.000000,0.000000,0.000000,0.000000,-0.000000,-0.000000,-0.000000,0.000000,0.000000,0.000000,0.000000,-0.000000
0.000000,-0.000000,0.000000,0.000000,-0.000000,0.000000,0.000000,0.000000,-0.000000,0.000000,0.000000,0.000000,0.000000,0.000000,-0.000000,0.000000,-0.000000,-0.000000,0.000000,-0.000000,-0.000000,0.000000,-0.000000,-0.000000,-0.000000
-0.000000,0.000000,0.000000,0.000000,-0.000000,0.000000,0.000000,-0.000000,0.000000,0.000000,-0.000000,0.000000,-0.000000,-0.000000,0.000000,-0.000000,0.000000,0.000000,0.000000,0.000000,0.000000,-0.000000,0.000000,-0.000000,-0.000000
0.000000,0.000000,0.000000,-0.000000,0.000000,-0.000000,0.000000,0.000000,-0.000000,0.000000,-0.000000,0.000000,-0.000000,0.000000,0.000000,-0.000000,0.000000,-0.000000,-0.000000,-0.000000,-0.000000,-0.000000,-0.000000,0.000000,0.000000
-0.000000,0.000000,0.000000,-0.000000,-0.000000,0.000000,0.000000,-0.000000,-0.000000,0.000000,-0.000000,-0.000000,0.000000,-0.000000,0.000000,-0.000000,0.000000,-0.000000,-0.000000,0.000000,-0.000000,-0.000000,0.000000,0.000000,0.000000
0.000000,-0.000000,0.000000,-0.000000,0.000000,-0.000000,-0.000000,-0.000000,0.000000,0.000000,-0.000000,0.000000,0.000000,0.000000,0.000000,-0.000000,-0.000000,-0.000000,-0.000000,-0.000000,0.000000,0.000000,-0.000000,0.000000,0.000000
-0.008290,-0.007103,-0.003922,0.018625,-0.000001,0.000000,0.000000,-0.000001,-0.023345,0.002112,0.015779,0.009397,-0.016146,-0.011180,0.002369,-0.001615,0.000000,0.000000,-0.000000,0.000000,-0.000000,-0.000000,-0.000760,-0.002193,0.002846
0.009488,-0.000541,0.018157,0.007840,0.000000,0.000001,-0.000000,0.000001,-0.008743,0.001586,0.003639,-0.028187,-0.005181,0.003605,-0.006184,0.017771,-0.000000,-0.000000,-0.000000,0.000000,-0.000000,0.000000,0.004307,0.000180,0.001461
-0.007787,-0.006672,-0.003684,0.017494,-0.024988,-0.005709,0.010797,-0.000017,0.000103,-0.000009,-0.000070,-0.000042,0.015298,0.010593,-0.002244,0.001530,0.001860,0.002266,-0.003718,-0.000008,0.003802,-0.000333,0.001115,0.003216,-0.004173
0.008912,-0.000508,0.017054,0.007364,-0.001613,0.003483,-0.001847,0.027485,0.000039,-0.000007,-0.000015,0.000124,0.004909,-0.003416,0.005859,-0.016838,-0.002889,0.002371,0.000578,-0.000237,-0.001434,0.001851,-0.006316,-0.000263,-0.002143
0.000000,0.000000,-0.000000,-0.000000,-0.000000,-0.000000,-0.000000,0.000000,-0.000000,0.000000,0.000000,-0.000000,-0.000000,-0.000000,-0.000000,-0.000000,0.000000,0.000000,0.000000,0.000000,-0.000000,0.000000,0.000000,0.000000,0.000000
-0.000000,-0.000000,-0.000000,-0.000000,0.000000,-0.000000,-0.000000,-0.000000,0.000000,-0.000000,-0.000000,-0.000000,-0.000000,0.000000,0.000000,0.000000,0.000000,0.000000,0.000000,-0.000000,-0.000000,-0.000000,0.000000,-0.000000,0.000000
-0.015626,-0.007528,0.011169,-0.007475,0.000000,-0.000001,-0.000001,0.000001,-0.013901,0.012018,-0.023349,0.001973,-0.006929,0.012848,0.013446,0.000052,-0.000000,-0.000000,-0.000000,0.000000,0.000000,0.000000,-0.000606,0.004425,0.002397
0.008862,-0.019340,-0.003415,-0.004150,-0.000000,-0.000001,-0.000000,0.000001,-0.008490,-0.027117,-0.008907,-0.000042,0.007639,-0.009530,0.013010,0.008687,0.000000,-0.000000,-0.000000,0.000000,0.000000,-0.000000,-0.004741,0.001130,-0.000108
-0.014677,-0.007071,0.010490,-0.007021,-0.003490,0.026732,0.006054,-0.003186,0.000061,-0.000053,0.000101,-0.000008,0.006565,-0.012174,-0.012740,-0.000049,0.007145,0.000765,0.000619,-0.003070,-0.001320,0.000781,0.000889,-0.006489,-0.003515
0.008324,-0.018165,-0.003208,-0.003898,-0.011593,0.003775,-0.024838,-0.002828,0.000038,0.000119,0.000039,0.000000,-0.007237,0.009030,-0.012326,-0.008231,-0.000310,0.003504,0.005524,-0.000545,0.000378,-0.005357,0.006953,-0.001658,0.000158
-0.000000,0.000000,-0.000000,-0.000000,-0.000000,0.000000,0.000000,-0.000000,-0.000000,-0.000000,-0.000000,0.000000,-0.000000,-0.000000,-0.000000,0.000000,-0.000000,0.000000,-0.000000,0.000000,0.000000,-0.000000,-0.000000,-0.000000,0.000000
-0.007787,-0.006672,-0.003684,0.017494,0.024988,0.005709,-0.010797,0.000017,0.000102,-0.000010,-0.000068,-0.000040,0.015298,0.010593,-0.002244,0.001530,-0.001860,-0.002266,0.003718,0.000008,-0.003802,0.000333,0.001115,0.003216,-0.004173
0.008912,-0.000508,0.017054,0.007364,0.001613,-0.003483,0.001847,-0.027485,0.000038,-0.000007,-0.000017,0.000123,0.004909,-0.003416,0.005859,-0.016838,0.002889,-0.002371,-0.000578,0.000237,0.001434,-0.001851,-0.006316,-0.000263,-0.002143
-0.007291,-0.006247,-0.003449,0.016380,0.000001,-0.000000,-0.000000,0.000000,0.020446,-0.001849,-0.013820,-0.008230,-0.014676,-0.010162,0.002153,-0.001468,-0.000000,0.000000,0.000000,-0.000000,-0.000000,0.000000,0.000841,0.002426,-0.003147
0.008344,-0.000476,0.015968,0.006895,-0.000000,-0.000001,0.000000,-0.000001,0.007657,-0.001389,-0.003187,0.024687,-0.004710,0.003277,-0.005621,0.016154,-0.000000,0.000000,-0.000000,0.000000,-0.000000,-0.000000,-0.004764,-0.000199,-0.001616
-0.014677,-0.007071,0.010490,-0.007021,0.003490,-0.026732,-0.006054,0.003186,0.000061,-0.000052,0.000104,-0.000009,0.006565,-0.012174,-0.012740,-0.000049,-0.007145,-0.000765,-0.000619,0.003070,0.001320,-0.000781,0.000889,-0.006489,-0.003514
0.008324,-0.018165,-0.003208,-0.003898,0.011593,-0.003775,0.024838,0.002828,0.000037,0.000119,0.000039,0.000000,-0.007237,0.009030,-0.012326,-0.008231,0.000310,-0.003504,-0.005524,0.000545,-0.000378,0.005357,0.006953,-0.001658,0.000158
-0.013742,-0.006621,0.009823,-0.006574,-0.000000,0.000001,0.000001,-0.000001,0.012175,-0.010526,0.020450,-0.001728,-0.006299,0.011679,0.012222,0.000047,0.000000,-0.000000,0.000000,-0.000000,-0.000000,0.000000,0.000670,-0.004894,-0.002650
0.007794,-0.017009,-0.003004,-0.003650,0.000000,0.000001,0.000000,-0.000001,0.007436,0.023750,0.007801,0.000037,0.006943,-0.008663,0.011825,0.007897,0.000000,0.000000,-0.000000,0.000000,-0.000000,0.000000,0.005243,-0.001250,0.000119
0.000000,0.000000,0.000000,0.000000,-0.000000,-0.000000,0.000000,-0.000000,0.000000,-0.000000,0.000000,-0.000000,0.000000,-0.000000,0.000000,0.000000,0.000000,-0.000000,0.000000,0.000000,0.000000,-0.000000,-0.000000,-0.000000,0.000000
-0.000000,-0.000000,-0.000000,-0.000000,0.000000,0.000000,-0.000000,0.000000,-0.000000,-0.000000,0.000000,-0.000000,0.000000,-0.000000,-0.000000,-0.000000,-0.000000,-0.000000,-0.000000,-0.000000,0.000000,0.000000,-0.000000,0.000000,0.000000
-0.000000,-0.000000,0.000000,0.000000,0.000000,-0.000000,-0.000000,0.000000,-0.000000,0.000000,-0.000000,-0.000000,0.000000,0.000000,-0.000000,0.000000,-0.000000,-0.000000,-0.000000,0.000000,0.000000,0.000000,0.000000,-0.000000,-0.000000
-0.000000,-0.000000,-0.000000,0.000000,0.000000,-0.000000,-0.000000,-0.000000,0.000000,-0.000000,-0.000000,0.000000,0.000000,-0.000000,0.000000,0.000000,0.000000,0.000000,0.000000,-0.000000,-0.000000,0.000000,-0.000000,0.000000,0.000000
0.000000,0.000000,-0.000000,-0.000000,-0.000000,0.000000,0.000000,-0.000000,-0.000000,0.000000,0.000000,0.000000,-0.000000,-0.000000,0.000000,-0.000000,0.000000,0.000000,-0.000000,0.000000,0.000000,0.000000,0.000000,0.000000,0.000000
-0.000000,-0.000000,0.000000,0.000000,0.000000,0.000000,-0.000000,-0.000000,0.000000,0.000000,-0.000000,0.000000,-0.000000,-0.000000,0.000000,0.000000,0.000000,0.000000,0.000000,-0.000000,0.000000,0.000000,-0.000000,0.000000,-0.000000
-0.000000,-0.000000,-0.000000,-0.000000,-0.000000,0.000000,-0.000000,0.000000,0.000000,-0.000000,-0.000000,0.000000,0.000000,0.000000,-0.000000,0.000000,0.000000,-0.000000,-0.000000,-0.000000,-0.000000,-0.000000,0.000000,0.000000,0.000000
0.000000,0.000000,-0.000000,-0.000000,0.000000,0.000000,-0.000000,0.000000,0.000000,0.000000,-0.000000,-0.000000,-0.000000,0.000000,-0.000000,-0.000000,0.000000,-0.000000,0.000000,-0.000000,-0.000000,-0.000000,0.000000,-0.000000,0.000000
-0.000000,-0.000000,0.000000,0.000000,-0.000000,0.000000,-0.000000,-0.000000,-0.000000,-0.000000,0.000000,-0.000000,0.000000,-0.000000,0.000000,0.000000,-0.000000,0.000000,0.000000,-0.000000,0.000000,-0.000000,-0.000000,-0.000000,-0.000000
0.000000,-0.000000,0.000000,-0.000000,-0.000000,0.000000,0.000000,-0.000000,0.000000,0.000000,0.000000,0.000000,-0.000000,-0.000000,-0.000000,-0.000000,0.000000,-0.000000,-0.000000,0.000000,-0.000000,0.000000,0.005036,-0.000773,-0.003608
-0.000000,0.000000,-0.000000,-0.000000,0.000000,-0.000000,-0.000000,0.000000,-0.000000,0.000000,-0.000000,0.000000,0.000000,-0.000000,-0.000000,0.000000,0.000000,-0.000000,0.000000,-0.000000,0.000000,0.000000,0.001078,0.003683,-0.000412
0.000000,-0.000000,-0.000000,0.000000,-0.000000,0.000000,0.000000,0.000000,-0.000000,0.000000,0.000000,-0.000000,-0.000000,-0.000000,0.000000,-0.000000,0.002447,0.002627,0.000902,0.002437,-0.008232,0.002595,-0.007385,0.001133,0.005291
-0.000000,-0.000000,-0.000000,-0.000000,0.000000,-0.000000,-0.000000,0.000000,0.000000,0.000000,0.000000,0.000000,-0.000000,0.000000,-0.000000,0.000000,-0.001856,-0.004755,0.001391,-0.008551,-0.000020,0.001220,-0.001580,-0.005401,0.000605
0.000000,0.000000,-0.000000,-0.000000,-0.000000,0.000000,-0.000000,0.000000,0.000000,0.000000,-0.000000,-0.000000,0.000000,-0.000000,-0.000000,0.000000,0.000000,-0.000000,0.000000,0.000000,0.000000,0.000000,-0.000000,0.000000,0.000000
0.000000,0.000000,0.000000,0.000000,0.000000,0.000000,0.000000,-0.000000,-0.000000,-0.000000,0.000000,-0.000000,0.000000,0.000000,0.000000,-0.000000,0.000000,-0.000000,0.000000,0.000000,-0.000000,-0.000000,0.000000,0.000000,-0.000000
-0.000000,0.000000,-0.000000,-0.000000,0.000000,-0.000000,-0.000000,0.000000,0.000000,-0.000000,-0.000000,0.000000,0.000000,-0.000000,-0.000000,0.000000,0.000000,-0.000000,-0.000000,0.000000,-0.000000,-0.000000,0.000504,0.000886,-0.001285
0.000000,-0.000000,0.000000,0.000000,-0.000000,0.000000,-0.000000,-0.000000,-0.000000,0.000000,0.000000,-0.000000,-0.000000,-0.000000,0.000000,-0.000000,-0.000000,0.000000,0.000000,0.000000,0.000000,-0.000000,-0.000878,-0.005732,-0.000054
0.000000,-0.000000,-0.000000,0.000000,-0.000000,-0.000000,0.000000,0.000000,-0.000000,-0.000000,0.000000,0.000000,-0.000000,-0.000000,0.000000,-0.000000,-0.000504,0.001626,0.000955,-0.003801,0.001940,-0.000421,-0.000739,-0.001300,0.001885
-0.000000,0.000000,-0.000000,0.000000,-0.000000,0.000000,-0.000000,0.000000,0.000000,-0.000000,0.000000,0.000000,0.000000,0.000000,-0.000000,-0.000000,-0.001378,0.002579,0.005431,-0.000057,0.002958,0.008791,0.001288,0.008406,0.000079
0.000000,-0.000000,-0.000000,0.000000,-0.000000,-0.000000,0.000000,0.000000,-0.000000,-0.000000,0.000000,0.000000,0.000000,0.000000,-0.000000,-0.000000,0.000000,0.000000,-0.000000,0.000000,0.000000,-0.000000,0.000000,0.000000,-0.000000
0.000000,-0.000000,-0.000000,0.000000,0.000000,-0.000000,-0.000000,0.000000,-0.000000,0.000000,0.000000,0.000000,0.000000,-0.000000,0.000000,-0.000000,-0.002447,-0.002627,-0.000902,-0.002437,0.008232,-0.002595,-0.007385,0.001134,0.005291
-0.000000,0.000000,0.000000,0.000000,0.000000,-0.000000,0.000000,0.000000,0.000000,-0.000000,0.000000,0.000000,0.000000,0.000000,0.000000,0.000000,0.001856,0.004755,-0.001391,0.008551,0.000020,-0.001220,-0.001581,-0.005402,0.000605
0.000000,0.000000,-0.000000,-0.000000,-0.000000,0.000000,-0.000000,0.000000,-0.000000,0.000000,0.000000,-0.000000,-0.000000,-0.000000,0.000000,-0.000000,0.000000,0.000000,0.000000,0.000000,-0.000000,-0.000000,-0.005569,0.000855,0.003990
-0.000000,-0.000000,-0.000000,0.000000,0.000000,-0.000000,0.000000,0.000000,0.000000,-0.000000,-0.000000,0.000000,-0.000000,-0.000000,0.000000,-0.000000,-0.000000,-0.000000,-0.000000,0.000000,0.000000,-0.000000,-0.001192,-0.004074,0.000456
-0.000000,0.000000,-0.000000,-0.000000,0.000000,-0.000000,-0.000000,-0.000000,0.000000,0.000000,-0.000000,0.000000,0.000000,-0.000000,0.000000,0.000000,0.000504,-0.001626,-0.000955,0.003801,-0.001940,0.000421,-0.000739,-0.001300,0.001885
-0.000000,-0.000000,0.000000,0.000000,-0.000000,0.000000,0.000000,-0.000000,-0.000000,0.000000,-0.000000,-0.000000,0.000000,-0.000000,0.000000,-0.000000,0.001378,-0.002579,-0.005431,0.000057,-0.002958,-0.008791,0.001288,0.008406,0.000079
-0.000000,0.000000,0.000000,-0.000000,0.000000,-0.000000,0.000000,-0.000000,-0.000000,0.000000,-0.000000,-0.000000,0.000000,0.000000,0.000000,0.000000,0.000000,0.000000,0.000000,-0.000000,-0.000000,0.000000,-0.000557,-0.000980,0.001421
-0.000000,-0.000000,0.000000,0.000000,-0.000000,0.000000,-0.000000,0.000000,-0.000000,0.000000,0.000000,-0.000000,-0.000000,0.000000,-0.000000,-0.000000,0.000000,-0.000000,-0.000000,0.000000,-0.000000,0.000000,0.000971,0.006340,0.000059
-0.000000,0.000000,-0.000000,0.000000,0.000000,-0.000000,-0.000000,-0.000000,-0.000000,0.000000,0.000000,-0.000000,-0.000000,-0.000000,-0.000000,-0.000000,-0.000000,0.000000,0.000000,-0.000000,-0.000000,-0.000000,0.000000,0.000000,0.000000
0.000000,-0.000000,0.000000,-0.000000,-0.000000,0.000000,0.000000,-0.000000,-0.000000,0.000000,0.000000,0.000000,0.000000,0.000000,0.000000,0.000000,-0.000000,-0.000000,-0.000000,0.000000,-0.000000,0.000000,-0.000000,0.000000,-0.000000
-0.000000,0.000000,0.000000,-0.000000,0.000000,-0.000000,-0.000000,-0.000000,-0.000000,-0.000000,0.000000,-0.000000,-0.000000,0.000000,0.000000,-0.000000,-0.000000,-0.000000,0.000000,0.000000,-0.000000,0.000000,0.000000,0.000000,-0.000000
0.000000,0.000000,-0.000000,0.000000,-0.000000,-0.000000,0.000000,0.000000,-0.000000,-0.000000,0.000000,-0.000000,-0.000000,-0.000000,0.000000,-0.000000,-0.000000,-0.000000,0.000000,0.000000,0.000000,0.000000,-0.000000,0.000000,0.000000
0.000000,-0.000000,0.000000,0.000000,0.000000,-0.000000,0.000000,0.000000,-0.000000,-0.000000,0.000000,0.000000,0.000000,-0.000000,-0.000000,-0.000000,0.000000,-0.000000,-0.000000,-0.000000,0.000000,-0.000000,-0.000000,-0.000000,0.000000
-0.000000,-0.000000,0.000000,0.000000,-0.000000,-0.000000,-0.000000,0.000000,-0.000000,-0.000000,-0.000000,-0.000000,-0.000000,0.000000,0.000000,0.000000,-0.000000,-0.000000,0.000000,-0.000000,-0.000000,0.000000,-0.000000,-0.000000,0.000000
0.000000,-0.000000,0.000000,0.000000,-0.000000,-0.000000,-0.000000,-0.000000,0.000000,-0.000000,-0.000000,0.000000,0.000000,0.000000,-0.000000,0.000000,0.000000,-0.000000,0.000000,-0.000000,0.000000,0.000000,-0.000000,-0.000000,0.000000
0.000000,0.000000,0.000000,0.000000,-0.000000,-0.000000,0.000000,0.000000,0.000000,-0.000000,0.000000,-0.000000,-0.000000,-0.000000,-0.000000,-0.000000,0.000000,-0.000000,-0.000000,-0.000000,-0.000000,-0.000000,0.000000,0.000000,-0.000000
0.000000,-0.000000,-0.000000,-0.000000,-0.000000,0.000000,-0.000000,-0.000000,-0.000000,0.000000,-0.000000,-0.000000,0.000000,-0.000000,0.000000,0.000000,-0.000000,-0.000000,-0.000000,-0.000000,0.000000,-0.000000,-0.000000,-0.000000,-0.000000
0.009753,0.008356,0.004614,-0.021911,0.000002,-0.000000,-0.000000,0.000001,0.028485,-0.002576,-0.019253,-0.011466,0.020137,0.013943,-0.002954,0.002015,-0.000000,-0.000000,-0.000000,0.000000,0.000000,0.000000,-0.000000,0.000000,-0.000000
-0.011162,0.000637,-0.021361,-0.009224,-0.000000,-0.000001,0.000000,-0.000001,0.010668,-0.001935,-0.004440,0.034394,0.006462,-0.004496,0.007712,-0.022164,0.000000,0.000000,0.000000,-0.000000,-0.000000,-0.000000,0.000000,0.000000,0.000000
0.009651,0.008269,0.004566,-0.021682,0.031942,0.007298,-0.013802,0.000021,-0.000549,0.000049,0.000371,0.000222,-0.019818,-0.013722,0.002907,-0.001983,-0.000000,-0.000000,0.000000,-0.000000,0.000000,-0.000000,-0.000000,0.000000,-0.000000
-0.011045,0.000630,-0.021137,-0.009127,0.002061,-0.004453,0.002361,-0.035134,-0.000206,0.000037,0.000084,-0.000663,-0.006360,0.004425,-0.007590,0.021813,-0.000000,-0.000000,-0.000000,0.000000,0.000000,0.000000,-0.000000,0.000000,-0.000000
-0.000000,0.000000,-0.000000,-0.000000,0.000000,0.000000,0.000000,0.000000,0.000000,-0.000000,0.000000,0.000000,0.000000,0.000000,-0.000000,0.000000,0.000000,-0.000000,-0.000000,0.000000,0.000000,-0.000000,0.000000,-0.000000,0.000000
0.000000,-0.000000,0.000000,0.000000,0.000000,0.000000,0.000000,-0.000000,-0.000000,-0.000000,0.000000,-0.000000,0.000000,-0.000000,0.000000,-0.000000,0.000000,-0.000000,-0.000000,0.000000,0.000000,0.000000,-0.000000,-0.000000,-0.000000
0.018383,0.008857,-0.013140,0.008794,-0.000000,0.000001,0.000001,-0.000002,0.016961,-0.014664,0.028490,-0.002408,0.008642,-0.016024,-0.016770,-0.000065,0.000000,0.000000,-0.000000,0.000000,-0.000000,-0.000000,0.000000,-0.000000,0.000000
-0.010426,0.022753,0.004018,0.004883,0.000000,0.000001,0.000000,-0.000001,0.010359,0.033087,0.010868,0.000052,-0.009527,0.011886,-0.016225,-0.010835,-0.000000,0.000000,0.000000,0.000000,-0.000000,0.000000,-0.000000,-0.000000,-0.000000
0.018191,0.008764,-0.013002,0.008702,0.004461,-0.034171,-0.007739,0.004072,-0.000326,0.000283,-0.000547,0.000046,-0.008505,0.015770,0.016504,0.000064,-0.000000,0.000000,0.000000,-0.000000,-0.000000,0.000000,0.000000,-0.000000,0.000000
-0.010316,0.022514,0.003976,0.004831,0.014819,-0.004825,0.031750,0.003615,-0.000200,-0.000636,-0.000209,-0.000001,0.009376,-0.011698,0.015968,0.010663,-0.000000,-0.000000,-0.000000,0.000000,-0.000000,-0.000000,-0.000000,-0.000000,-0.000000
0.000000,0.000000,0.000000,-0.000000,-0.000000,0.000000,0.000000,0.000000,0.000000,-0.000000,0.000000,0.000000,-0.000000,0.000000,-0.000000,-0.000000,-0.000000,-0.000000,-0.000000,0.000000,-0.000000,-0.000000,-0.000000,0.000000,-0.000000
0.009651,0.008269,0.004566,-0.021682,-0.031942,-0.007298,0.013802,-0.000021,-0.000547,0.000050,0.000369,0.000220,-0.019818,-0.013722,0.002907,-0.001983,-0.000000,-0.000000,-0.000000,-0.000000,0.000000,0.000000,0.000000,0.000000,-0.000000
-0.011045,0.000630,-0.021137,-0.009127,-0.002061,0.004453,-0.002361,0.035134,-0.000204,0.000038,0.000087,-0.000661,-0.006360,0.004425,-0.007590,0.021813,-0.000000,0.000000,-0.000000,0.000000,-0.000000,-0.000000,-0.000000,0.000000,-0.000000
0.009248,0.007924,0.004375,-0.020777,-0.000002,0.000000,0.000000,-0.000001,-0.026488,0.002396,0.017904,0.010662,0.018995,0.013153,-0.002787,0.001900,-0.000000,-0.000000,-0.000000,0.000000,-0.000000,0.000000,0.000000,-0.000000,0.000000
-0.010584,0.000604,-0.020254,-0.008746,0.000000,0.000001,-0.000000,0.000001,-0.009920,0.001800,0.004129,-0.031982,0.006096,-0.004241,0.007275,-0.020908,-0.000000,-0.000000,0.000000,-0.000000,0.000000,0.000000,0.000000,0.000000,-0.000000
0.018191,0.008764,-0.013002,0.008702,-0.004461,0.034171,0.007739,-0.004072,-0.000327,0.000281,-0.000550,0.000047,-0.008505,0.015770,0.016504,0.000064,-0.000000,-0.000000,-0.000000,-0.000000,-0.000000,0.000000,0.000000,0.000000,-0.000000
-0.010316,0.022514,0.003976,0.004831,-0.014819,0.004825,-0.031750,-0.003615,-0.000199,-0.000637,-0.000209,-0.000001,0.009376,-0.011698,0.015968,0.010663,-0.000000,0.000000,0.000000,0.000000,0.000000,0.000000,-0.000000,0.000000,-0.000000
0.017431,0.008398,-0.012459,0.008338,0.000000,-0.000001,-0.000001,0.000002,-0.015772,0.013636,-0.026493,0.002239,0.008152,-0.015116,-0.015819,-0.000061,0.000000,-0.000000,0.000000,-0.000000,0.000000,0.000000,-0.000000,0.000000,0.000000
-0.009886,0.021574,0.003810,0.004630,-0.000000,-0.000001,-0.000000,0.000001,-0.009633,-0.030768,-0.010106,-0.000048,-0.008987,0.011212,-0.015306,-0.010221,0.000000,-0.000000,-0.000000,-0.000000,-0.000000,0.000000,-0.000000,-0.000000,-0.000000
0.000000,-0.000000,-0.000000,-0.000000,0.000000,-0.000000,-0.000000,-0.000000,-0.000000,0.000000,-0.000000,0.000000,-0.000000,-0.000000,-0.000000,-0.000000,-0.000000,0.000000,0.000000,-0.000000,0.000000,-0.000000,-0.000000,-0.000000,-0.000000
-0.000000,0.000000,0.000000,-0.000000,-0.000000,0.000000,0.000000,-0.000000,0.000000,0.000000,-0.000000,0.000000,0.000000,-0.000000,0.000000,0.000000,0.000000,-0.000000,-0.000000,0.000000,-0.000000,0.000000,-0.000000,-0.000000,0.000000
-0.000000,0.000000,0.000000,-0.000000,0.000000,0.000000,-0.000000,0.000000,-0.000000,-0.000000,-0.000000,-0.000000,-0.000000,0.000000,0.000000,-0.000000,0.000000,-0.000000,-0.000000,-0.000000,-0.000000,0.000000,-0.000000,-0.000000,0.000000
-0.000000,0.000000,0.000000,-0.000000,0.000000,-0.000000,-0.000000,-0.000000,-0.000000,-0.000000,-0.000000,0.000000,0.000000,0.000000,0.000000,-0.000000,-0.000000,-0.000000,-0.000000,0.000000,0.000000,-0.000000,0.000000,-0.000000,-0.000000
0.000000,0.000000,0.000000,0.000000,-0.000000,-0.000000,-0.000000,0.000000,0.000000,-0.000000,-0.000000,-0.000000,-0.000000,0.000000,-0.000000,0.000000,0.000000,0.000000,0.000000,0.000000,0.000000,-0.000000,0.000000,0.000000,0.000000
0.000000,-0.000000,0.000000,-0.000000,0.000000,-0.000000,0.000000,-0.000000,-0.000000,0.000000,-0.000000,0.000000,0.000000,0.000000,-0.000000,0.000000,0.000000,-0.000000,-0.000000,-0.000000,0.000000,-0.000000,0.000000,-0.000000,0.000000
0.000000,0.000000,0.000000,0.000000,0.000000,-0.000000,-0.000000,0.000000,0.000000,0.000000,0.000000,-0.000000,-0.000000,-0.000000,-0.000000,-0.000000,-0.000000,0.000000,0.000000,-0.000000,-0.000000,-0.000000,0.000000,-0.000000,0.000000
0.000000,-0.000000,0.000000,-0.000000,0.000000,-0.000000,-0.000000,0.000000,0.000000,-0.000000,-0.000000,0.000000,0.000000,0.000000,-0.000000,0.000000,-0.000000,0.000000,-0.000000,0.000000,-0.000000,-0.000000,-0.000000,-0.000000,0.000000
-0.000000,-0.000000,-0.000000,-0.000000,-0.000000,-0.000000,0.000000,0.000000,-0.000000,-0.000000,-0.000000,0.000000,-0.000000,0.000000,0.000000,-0.000000,0.000000,0.000000,0.000000,0.000000,-0.000000,-0.000000,-0.000000,0.000000,-0.000000
-0.000000,-0.000000,0.000000,-0.000000,0.000000,-0.000000,-0.000000,-0.000000,0.000000,-0.000000,-0.000000,-0.000000,0.000000,-0.000000,0.000000,-0.000000,0.001418,-0.000487,0.001871,-0.000047,0.001264,0.000500,0.000000,-0.000000,0.000000
0.000000,-0.000000,0.000000,0.000000,-0.000000,0.000000,-0.000000,-0.000000,-0.000000,-0.000000,0.000000,-0.000000,-0.000000,-0.000000,0.000000,0.000000,0.001332,0.000695,0.000548,0.001119,0.003100,0.000786,0.000000,0.000000,-0.000000
0.000000,0.000000,-0.000000,0.000000,-0.000000,0.000000,0.000000,0.000000,-0.000000,0.000000,-0.000000,0.000000,-0.000000,0.000000,-0.000000,-0.000000,0.002045,-0.000703,0.002697,-0.000068,0.001822,0.000721,-0.001333,-0.001974,0.000375
-0.000000,0.000000,-0.000000,0.000000,0.000000,0.000000,0.000000,-0.000000,-0.000000,-0.000000,-0.000000,0.000000,0.000000,0.000000,-0.000000,-0.000000,0.001921,0.001002,0.000790,0.001613,0.004469,0.001134,0.003309,0.006789,0.000346
0.000000,0.000000,0.000000,0.000000,0.000000,-0.000000,-0.000000,-0.000000,0.000000,-0.000000,0.000000,-0.000000,-0.000000,-0.000000,-0.000000,-0.000000,0.000000,-0.000000,0.000000,0.000000,-0.000000,-0.000000,0.000000,-0.000000,0.000000
0.000000,0.000000,0.000000,-0.000000,0.000000,-0.000000,0.000000,-0.000000,0.000000,0.000000,-0.000000,-0.000000,0.000000,-0.000000,-0.000000,0.000000,0.000000,0.000000,-0.000000,-0.000000,0.000000,0.000000,-0.000000,-0.000000,0.000000
0.000000,0.000000,0.000000,-0.000000,-0.000000,-0.000000,-0.000000,-0.000000,0.000000,-0.000000,0.000000,0.000000,-0.000000,0.000000,0.000000,0.000000,0.001252,-0.004160,0.002409,0.003139,0.000604,-0.000186,-0.000000,0.000000,0.000000
-0.000000,0.000000,0.000000,-0.000000,0.000000,0.000000,0.000000,-0.000000,-0.000000,0.000000,0.000000,-0.000000,0.000000,0.000000,-0.000000,0.000000,-0.000267,-0.001854,0.000509,-0.001390,-0.000475,-0.000441,0.000000,-0.000000,0.000000
0.000000,-0.000000,0.000000,-0.000000,0.000000,0.000000,-0.000000,0.000000,0.000000,0.000000,-0.000000,-0.000000,-0.000000,0.000000,-0.000000,0.000000,0.001806,-0.005998,0.003473,0.004526,0.000871,-0.000269,0.002367,-0.001112,-0.007669
-0.000000,0.000000,-0.000000,-0.000000,0.000000,-0.000000,-0.000000,0.000000,0.000000,0.000000,-0.000000,-0.000000,0.000000,0.000000,-0.000000,0.000000,-0.000386,-0.002674,0.000734,-0.002004,-0.000684,-0.000636,-0.004195,0.002812,-0.009952
-0.000000,-0.000000,0.000000,-0.000000,0.000000,0.000000,-0.000000,-0.000000,-0.000000,0.000000,-0.000000,0.000000,0.000000,-0.000000,-0.000000,0.000000,0.000000,-0.000000,-0.000000,-0.000000,0.000000,0.000000,0.000000,-0.000000,-0.000000
0.000000,0.000000,-0.000000,0.000000,0.000000,0.000000,-0.000000,0.000000,-0.000000,-0.000000,0.000000,-0.000000,-0.000000,-0.000000,-0.000000,-0.000000,0.002045,-0.000703,0.002697,-0.000068,0.001822,0.000721,0.001333,0.001974,-0.000375
0.000000,-0.000000,0.000000,0.000000,0.000000,-0.000000,0.000000,0.000000,0.000000,0.000000,-0.000000,0.000000,0.000000,0.000000,0.000000,0.000000,0.001921,0.001002,0.000790,0.001613,0.004469,0.001134,-0.003309,-0.006789,-0.000346
0.000000,-0.000000,0.000000,0.000000,0.000000,-0.000000,0.000000,0.000000,-0.000000,-0.000000,-0.000000,0.000000,0.000000,-0.000000,-0.000000,-0.000000,0.002522,-0.000867,0.003326,-0.000084,0.002247,0.000890,-0.000000,0.000000,-0.000000
-0.000000,0.000000,-0.000000,-0.000000,0.000000,0.000000,-0.000000,-0.000000,-0.000000,0.000000,-0.000000,-0.000000,-0.000000,0.000000,-0.000000,-0.000000,0.002368,0.001236,0.000974,0.001989,0.005511,0.001398,-0.000000,-0.000000,0.000000
0.000000,0.000000,0.000000,0.000000,-0.000000,-0.000000,-0.000000,0.000000,0.000000,-0.000000,-0.000000,-0.000000,-0.000000,0.000000,0.000000,-0.000000,0.001806,-0.005998,0.003473,0.004526,0.000871,-0.000269,-0.002367,0.001112,0.007669
0.000000,0.000000,0.000000,-0.000000,0.000000,-0.000000,-0.000000,-0.000000,-0.000000,0.000000,0.000000,0.000000,-0.000000,0.000000,0.000000,-0.000000,-0.000386,-0.002674,0.000734,-0.002004,-0.000684,-0.000636,0.004195,-0.002812,0.009952
-0.000000,0.000000,-0.000000,-0.000000,0.000000,-0.000000,-0.000000,-0.000000,-0.000000,-0.000000,0.000000,-0.000000,-0.000000,-0.000000,0.000000,0.000000,0.002227,-0.007396,0.004282,0.005582,0.001074,-0.000331,0.000000,-0.000000,-0.000000
-0.000000,0.000000,-0.000000,-0.000000,0.000000,-0.000000,-0.000000,-0.000000,0.000000,-0.000000,0.000000,-0.000000,0.000000,0.000000,-0.000000,0.000000,-0.000476,-0.003297,0.000906,-0.002471,-0.000844,-0.000784,-0.000000,0.000000,-0.000000
0.000000,-0.000000,-0.000000,-0.000000,-0.000000,0.000000,-0.000000,0.000000,-0.000000,0.000000,-0.000000,0.000000,0.000000,0.000000,0.000000,0.000000,-0.000000,-0.000000,-0.000000,-0.000000,-0.000000,0.000000,-0.000000,0.000000,0.000000
-0.000000,-0.000000,0.000000,0.000000,0.000000,-0.000000,0.000000,0.000000,0.000000,-0.000000,0.000000,0.000000,0.000000,0.000000,-0.000000,-0.000000,0.000000,-0.000000,-0.000000,0.000000,-0.000000,-0.000000,-0.000000,0.000000,0.000000
0.000000,-0.000000,-0.000000,-0.000000,0.000000,-0.000000,-0.000000,-0.000000,-0.000000,-0.000000,0.000000,0.000000,-0.000000,0.000000,-0.000000,0.000000,0.000000,0.000000,0.000000,0.000000,0.000000,0.000000,-0.000000,0.000000,-0.000000
-0.000000,-0.000000,0.000000,-0.000000,0.000000,0.000000,0.000000,0.000000,0.000000,-0.000000,-0.000000,0.000000,-0.000000,0.000000,0.000000,0.000000,0.000000,0.000000,0.000000,-0.000000,0.000000,0.000000,0.000000,-0.000000,0.000000
-0.000000,-0.000000,-0.000000,0.000000,0.000000,0.000000,-0.000000,0.000000,0.000000,0.000000,-0.000000,-0.000000,0.000000,0.000000,0.000000,0.000000,0.000000,-0.000000,0.000000,0.000000,0.000000,-0.000000,0.000000,0.000000,-0.000000
-0.000000,0.000000,-0.000000,0.000000,0.000000,-0.000000,-0.000000,-0.000000,0.000000,0.000000,0.000000,0.000000,0.000000,0.000000,0.000000,0.000000,-0.000000,-0.000000,-0.000000,0.000000,0.000000,0.000000,-0.000000,0.000000,0.000000
0.000000,-0.000000,-0.000000,-0.000000,0.000000,0.000000,0.000000,-0.000000,-0.000000,-0.000000,-0.000000,-0.000000,-0.000000,0.000000,-0.000000,0.000000,0.000000,-0.000000,0.000000,0.000000,0.000000,-0.000000,0.000000,-0.000000,0.000000
-0.000000,0.000000,-0.000000,0.000000,0.000000,-0.000000,-0.000000,0.000000,-0.000000,0.000000,-0.000000,-0.000000,-0.000000,-0.000000,0.000000,-0.000000,-0.000000,0.000000,-0.000000,-0.000000,-0.000000,-0.000000,0.000000,-0.000000,-0.000000
0.000000,0.000000,-0.000000,0.000000,-0.000000,-0.000000,-0.000000,-0.000000,0.000000,0.000000,-0.000000,-0.000000,0.000000,-0.000000,-0.000000,0.000000,-0.000000,0.000000,0.000000,-0.000000,-0.000000,0.000000,0.000000,0.000000,-0.000000
0.000000,-0.000000,0.000000,-0.000000,-0.001678,-0.000383,0.000725,-0.000001,0.000000,0.000000,-0.000000,-0.000000,0.000000,0.000000,-0.000000,-0.000000,0.001039,0.001265,-0.002076,-0.000005,0.002123,-0.000186,0.000000,-0.000000,0.000000
-0.000000,0.000000,0.000000,0.000000,-0.000108,0.000234,-0.000124,0.001845,0.000000,0.000000,0.000000,0.000000,0.000000,0.000000,0.000000,-0.000000,-0.001613,0.001324,0.000323,-0.000132,-0.000801,0.001034,-0.000000,0.000000,-0.000000
0.000703,0.000602,0.000333,-0.001579,0.002462,0.000562,-0.001064,0.000002,-0.001567,0.000142,0.001059,0.000631,-0.001611,-0.001116,0.000236,-0.000161,0.001497,0.001824,-0.002994,-0.000007,0.003061,-0.000268,0.001045,0.003014,-0.003911
-0.000804,0.000046,-0.001539,-0.000665,0.000159,-0.000343,0.000182,-0.002708,-0.000587,0.000106,0.000244,-0.001892,-0.000517,0.000360,-0.000617,0.001773,-0.002326,0.001909,0.000465,-0.000191,-0.001155,0.001490,-0.005920,-0.000247,-0.002008
0.000000,-0.000000,-0.000000,-0.000000,0.000000,0.000000,-0.000000,-0.000000,0.000000,-0.000000,-0.000000,0.000000,0.000000,-0.000000,-0.000000,-0.000000,0.000000,-0.000000,-0.000000,0.000000,-0.000000,-0.000000,-0.000000,-0.000000,-0.000000
0.000000,-0.000000,0.000000,0.000000,0.000000,-0.000000,-0.000000,0.000000,-0.000000,0.000000,-0.000000,-0.000000,-0.000000,-0.000000,-0.000000,0.000000,0.000000,0.000000,-0.000000,-0.000000,-0.000000,0.000000,-0.000000,0.000000,0.000000
0.000000,-0.000000,0.000000,0.000000,-0.000234,0.001795,0.000406,-0.000214,-0.000000,-0.000000,-0.000000,0.000000,-0.000000,0.000000,0.000000,-0.000000,0.003990,0.000427,0.000346,-0.001714,-0.000737,0.000436,0.000000,-0.000000,0.000000
0.000000,-0.000000,0.000000,-0.000000,-0.000778,0.000253,-0.001668,-0.000190,0.000000,-0.000000,0.000000,0.000000,-0.000000,0.000000,0.000000,-0.000000,-0.000173,0.001957,0.003084,-0.000304,0.000211,-0.002991,-0.000000,-0.000000,0.000000
0.001325,0.000638,-0.000947,0.000634,0.000344,-0.002634,-0.000596,0.000314,-0.000933,0.000807,-0.001567,0.000132,-0.000691,0.001282,0.001342,0.000005,0.005752,0.000616,0.000498,-0.002471,-0.001063,0.000629,0.000833,-0.006082,-0.003294
-0.000751,0.001640,0.000290,0.000352,0.001142,-0.000372,0.002447,0.000279,-0.000570,-0.001820,-0.000598,-0.000003,0.000762,-0.000951,0.001298,0.000867,-0.000249,0.002821,0.004447,-0.000439,0.000305,-0.004313,0.006516,-0.001554,0.000148
-0.000000,0.000000,-0.000000,0.000000,-0.000000,0.000000,-0.000000,0.000000,0.000000,-0.000000,0.000000,0.000000,-0.000000,-0.000000,0.000000,-0.000000,0.000000,-0.000000,0.000000,-0.000000,-0.000000,-0.000000,0.000000,-0.000000,0.000000
-0.000703,-0.000602,-0.000333,0.001579,0.002462,0.000562,-0.001064,0.000002,0.001567,-0.000142,-0.001059,-0.000631,0.001611,0.001116,-0.000236,0.000161,0.001497,0.001824,-0.002994,-0.000007,0.003061,-0.000268,-0.001045,-0.003014,0.003911
0.000804,-0.000046,0.001539,0.000665,0.000159,-0.000343,0.000182,-0.002708,0.000587,-0.000106,-0.000244,0.001892,0.000517,-0.000360,0.000617,-0.001773,-0.002326,0.001909,0.000465,-0.000191,-0.001155,0.001490,0.005920,0.000247,0.002008
-0.000000,-0.000000,-0.000000,-0.000000,0.001852,0.000423,-0.000800,0.000001,-0.000000,-0.000000,0.000000,0.000000,-0.000000,0.000000,-0.000000,0.000000,0.001846,0.002249,-0.003692,-0.000008,0.003774,-0.000331,-0.000000,0.000000,-0.000000
0.000000,-0.000000,-0.000000,0.000000,0.000120,-0.000258,0.000137,-0.002037,-0.000000,-0.000000,-0.000000,-0.000000,-0.000000,-0.000000,0.000000,0.000000,-0.002868,0.002354,0.000574,-0.000235,-0.001424,0.001838,0.000000,-0.000000,0.000000
-0.001325,-0.000638,0.000947,-0.000634,0.000344,-0.002633,-0.000596,0.000314,0.000933,-0.000807,0.001567,-0.000132,0.000691,-0.001282,-0.001342,-0.000005,0.005752,0.000616,0.000498,-0.002471,-0.001063,0.000629,-0.000833,0.006082,0.003294
0.000751,-0.001640,-0.000290,-0.000352,0.001142,-0.000372,0.002447,0.000279,0.000570,0.001820,0.000598,0.000003,-0.000762,0.000951,-0.001298,-0.000867,-0.000249,0.002821,0.004447,-0.000439,0.000305,-0.004313,-0.006516,0.001554,-0.000148
-0.000000,-0.000000,0.000000,-0.000000,0.000259,-0.001981,-0.000449,0.000236,0.000000,0.000000,0.000000,-0.000000,0.000000,0.000000,-0.000000,0.000000,0.007094,0.000760,0.000614,-0.003048,-0.001310,0.000776,-0.000000,0.000000,-0.000000
-0.000000,0.000000,-0.000000,0.000000,0.000859,-0.000280,0.001841,0.000210,-0.000000,0.000000,-0.000000,-0.000000,-0.000000,0.000000,-0.000000,-0.000000,-0.000308,0.003479,0.005484,-0.000541,0.000376,-0.005319,0.000000,0.000000,-0.000000
0.000000,-0.000000,-0.000000,0.000000,-0.000000,-0.000000,0.000000,-0.000000,-0.000000,-0.000000,-0.000000,-0.000000,0.000000,-0.000000,-0.000000,-0.000000,-0.000000,-0.000000,-0.000000,-0.000000,-0.000000,0.000000,0.000000,0.000000,-0.000000
-0.000000,-0.000000,-0.000000,0.000000,0.000000,-0.000000,-0.000000,0.000000,0.000000,-0.000000,-0.000000,0.000000,0.000000,0.000000,-0.000000,0.000000,0.000000,0.000000,0.000000,-0.000000,-0.000000,-0.000000,0.000000,-0.000000,-0.000000
0.000000,0.000000,0.000000,-0.000000,0.000000,0.000000,0.000000,-0.000000,-0.000000,-0.000000,0.000000,0.000000,-0.000000,0.000000,0.000000,0.000000,0.000000,0.000000,-0.000000,0.000000,0.000000,-0.000000,-0.000000,-0.000000,0.000000
-0.000000,-0.000000,-0.000000,0.000000,-0.000000,0.000000,0.000000,-0.000000,-0.000000,0.000000,-0.000000,0.000000,0.000000,-0.000000,-0.000000,0.000000,0.000000,-0.000000,-0.000000,-0.000000,0.000000,0.000000,0.000000,-0.000000,-0.000000
-0.000000,0.000000,0.000000,-0.000000,0.000000,-0.000000,0.000000,0.000000,0.000000,-0.000000,-0.000000,-0.000000,0.000000,-0.000000,0.000000,-0.000000,-0.000000,-0.000000,0.000000,0.000000,-0.000000,0.000000,0.000000,0.000000,-0.000000
0.000000,0.000000,-0.000000,-0.000000,0.000000,-0.000000,0.000000,0.000000,-0.000000,-0.000000,-0.000000,-0.000000,-0.000000,-0.000000,0.000000,0.000000,0.000000,-0.000000,-0.000000,0.000000,-0.000000,0.000000,0.000000,-0.000000,-0.000000
0.000000,0.000000,-0.000000,0.000000,-0.000000,-0.000000,0.000000,-0.000000,-0.000000,-0.000000,-0.000000,0.000000,-0.000000,0.000000,-0.000000,-0.000000,-0.000000,-0.000000,0.000000,-0.000000,0.000000,0.000000,-0.000000,-0.000000,-0.000000
0.000000,-0.000000,0.000000,-0.000000,0.000000,0.000000,0.000000,-0.000000,-0.000000,-0.000000,-0.000000,0.000000,0.000000,0.000000,0.000000,-0.000000,-0.000000,-0.000000,0.000000,0.000000,-0.000000,-0.000000,-0.000000,-0.000000,0.000000
0.000000,0.000000,0.000000,-0.000000,-0.000000,-0.000000,-0.000000,-0.000000,0.000000,0.000000,0.000000,0.000000,-0.000000,-0.000000,0.000000,-0.000000,0.000000,0.000000,0.000000,0.000000,-0.000000,0.000000,-0.000000,0.000000,0.000000
-0.000000,0.000000,-0.000000,0.000000,0.001678,0.000383,-0.000725,0.000001,-0.000000,-0.000000,0.000000,0.000000,-0.000000,-0.000000,0.000000,-0.000000,0.001039,0.001265,-0.002076,-0.000005,0.002123,-0.000186,0.000000,-0.000000,0.000000
-0.000000,0.000000,-0.000000,-0.000000,0.000108,-0.000234,0.000124,-0.001845,-0.000000,-0.000000,-0.000000,-0.000000,-0.000000,0.000000,-0.000000,0.000000,-0.001613,0.001324,0.000323,-0.000132,-0.000801,0.001034,-0.000000,0.000000,-0.000000
-0.000703,-0.000602,-0.000333,0.001579,-0.002462,-0.000562,0.001064,-0.000002,0.001567,-0.000142,-0.001059,-0.000631,0.001611,0.001116,-0.000236,0.000161,0.001497,0.001824,-0.002994,-0.000007,0.003061,-0.000268,0.001045,0.003014,-0.003911
0.000804,-0.000046,0.001539,0.000665,-0.000159,0.000343,-0.000182,0.002708,0.000587,-0.000106,-0.000244,0.001892,0.000517,-0.000360,0.000617,-0.001773,-0.002326,0.001909,0.000465,-0.000191,-0.001155,0.001490,-0.005920,-0.000247,-0.002008
0.000000,0.000000,-0.000000,0.000000,0.000000,0.000000,0.000000,-0.000000,-0.000000,0.000000,-0.000000,-0.000000,-0.000000,0.000000,0.000000,-0.000000,0.000000,0.000000,0.000000,0.000000,-0.000000,-0.000000,-0.000000,-0.000000,-0.000000
-0.000000,0.000000,0.000000,0.000000,-0.000000,-0.000000,-0.000000,0.000000,0.000000,0.000000,-0.000000,0.000000,0.000000,-0.000000,0.000000,0.000000,-0.000000,0.000000,0.000000,-0.000000,0.000000,0.000000,-0.000000,-0.000000,0.000000
0.000000,0.000000,-0.000000,0.000000,0.000234,-0.001795,-0.000406,0.000214,0.000000,0.000000,0.000000,-0.000000,-0.000000,0.000000,0.000000,0.000000,0.003990,0.000427,0.000346,-0.001714,-0.000737,0.000436,0.000000,-0.000000,0.000000
-0.000000,0.000000,-0.000000,-0.000000,0.000778,-0.000253,0.001668,0.000190,-0.000000,0.000000,-0.000000,0.000000,-0.000000,0.000000,0.000000,-0.000000,-0.000173,0.001957,0.003084,-0.000304,0.000211,-0.002991,-0.000000,-0.000000,0.000000
-0.001325,-0.000638,0.000947,-0.000634,-0.000344,0.002634,0.000596,-0.000314,0.000933,-0.000807,0.001567,-0.000132,0.000691,-0.001282,-0.001342,-0.000005,0.005752,0.000616,0.000498,-0.002471,-0.001063,0.000629,0.000833,-0.006082,-0.003294
0.000751,-0.001640,-0.000290,-0.000352,-0.001142,0.000372,-0.002447,-0.000279,0.000570,0.001820,0.000598,0.000003,-0.000762,0.000951,-0.001298,-0.000867,-0.000249,0.002821,0.004447,-0.000439,0.000305,-0.004313,0.006516,-0.001554,0.000148
0.000000,0.000000,0.000000,0.000000,0.000000,0.000000,0.000000,0.000000,-0.000000,0.000000,-0.000000,-0.000000,-0.000000,-0.000000,0.000000,-0.000000,0.000000,0.000000,0.000000,-0.000000,0.000000,-0.000000,0.000000,-0.000000,0.000000
0.000703,0.000602,0.000332,-0.001579,-0.002462,-0.000562,0.001064,-0.000002,-0.001567,0.000142,0.001059,0.000631,-0.001611,-0.001116,0.000236,-0.000161,0.001497,0.001824,-0.002994,-0.000007,0.003061,-0.000268,-0.001045,-0.003014,0.003911
-0.000804,0.000046,-0.001539,-0.000665,-0.000159,0.000343,-0.000182,0.002708,-0.000587,0.000106,0.000244,-0.001892,-0.000517,0.000360,-0.000617,0.001773,-0.002326,0.001909,0.000465,-0.000191,-0.001155,0.001490,0.005920,0.000247,0.002008
-0.000000,0.000000,-0.000000,0.000000,-0.001852,-0.000423,0.000800,-0.000001,0.000000,0.000000,-0.000000,-0.000000,-0.000000,0.000000,-0.000000,0.000000,0.001846,0.002249,-0.003692,-0.000008,0.003774,-0.000331,-0.000000,0.000000,-0.000000
0.000000,-0.000000,-0.000000,-0.000000,-0.000120,0.000258,-0.000137,0.002037,0.000000,0.000000,0.000000,0.000000,-0.000000,-0.000000,0.000000,-0.000000,-0.002868,0.002354,0.000574,-0.000235,-0.001424,0.001838,0.000000,-0.000000,0.000000
0.001325,0.000638,-0.000947,0.000634,-0.000344,0.002633,0.000596,-0.000314,-0.000933,0.000807,-0.001567,0.000132,-0.000691,0.001282,0.001342,0.000005,0.005752,0.000616,0.000498,-0.002471,-0.001063,0.000629,-0.000833,0.006082,0.003294
-0.000751,0.001640,0.000290,0.000352,-0.001142,0.000372,-0.002447,-0.000279,-0.000570,-0.001820,-0.000598,-0.000003,0.000762,-0.000951,0.001298,0.000867,-0.000249,0.002821,0.004447,-0.000439,0.000305,-0.004313,-0.006516,0.001554,-0.000148
0.000000,-0.000000,-0.000000,0.000000,-0.000259,0.001981,0.000449,-0.000236,-0.000000,-0.000000,-0.000000,0.000000,0.000000,-0.000000,-0.000000,-0.000000,0.007094,0.000760,0.000614,-0.003048,-0.001310,0.000776,-0.000000,0.000000,-0.000000
0.000000,-0.000000,0.000000,-0.000000,-0.000859,0.000280,-0.001841,-0.000210,0.000000,-0.000000,0.000000,0.000000,0.000000,0.000000,-0.000000,0.000000,-0.000308,0.003479,0.005484,-0.000541,0.000376,-0.005319,0.000000,0.000000,-0.000000
0.000000,0.000000,-0.000000,0.000000,-0.000000,0.000000,0.000000,-0.000000,-0.000000,-0.000000,-0.000000,0.000000,-0.000000,-0.000000,-0.000000,0.000000,-0.000000,0.000000,-0.000000,-0.000000,-0.000000,-0.000000,-0.000000,0.000000,-0.000000
-0.000000,0.000000,0.000000,-0.000000,0.000000,-0.000000,-0.000000,0.000000,-0.000000,-0.000000,-0.000000,0.000000,-0.000000,-0.000000,-0.000000,-0.000000,0.000000,-0.000000,-0.000000,0.000000,-0.000000,0.000000,0.000000,0.000000,0.000000
-0.000000,-0.000000,-0.000000,0.000000,0.000000,-0.000000,0.000000,0.000000,-0.000000,-0.000000,-0.000000,-0.000000,0.000000,-0.000000,0.000000,-0.000000,0.000000,-0.000000,0.000000,0.000000,-0.000000,0.000000,-0.000000,0.000000,0.000000
0.000000,-0.000000,0.000000,0.000000,-0.000000,-0.000000,0.000000,-0.000000,0.000000,-0.000000,-0.000000,0.000000,-0.000000,0.000000,0.000000,-0.000000,0.000000,-0.000000,0.000000,-0.000000,0.000000,-0.000000,-0.000000,0.000000,-0.000000
0.000000,-0.000000,0.000000,0.000000,0.000000,-0.000000,-0.000000,-0.000000,-0.000000,0.000000,0.000000,-0.000000,-0.000000,0.000000,0.000000,0.000000,-0.000000,0.000000,0.000000,-0.000000,-0.000000,0.000000,-0.000000,-0.000000,0.000000
0.000000,-0.000000,0.000000,-0.000000,0.000000,-0.000000,0.000000,0.000000,0.000000,-0.000000,-0.000000,-0.000000,-0.000000,0.000000,0.000000,0.000000,-0.000000,0.000000,0.000000,-0.000000,0.000000,0.000000,0.000000,-0.000000,0.000000
-0.000000,0.000000,-0.000000,-0.000000,0.000000,-0.000000,0.000000,0.000000,-0.000000,-0.000000,-0.000000,0.000000,-0.000000,0.000000,0.000000,-0.000000,0.000000,0.000000,0.000000,-0.000000,0.000000,0.000000,-0.000000,0.000000,-0.000000
-0.000000,0.000000,-0.000000,0.000000,0.000000,-0.000000,-0.000000,0.000000,0.000000,-0.000000,0.000000,-0.000000,0.000000,0.000000,-0.000000,-0.000000,-0.000000,0.000000,0.000000,-0.000000,-0.000000,0.000000,-0.000000,0.000000,0.000000
0.000000,-0.000000,0.000000,-0.000000,-0.000000,-0.000000,-0.000000,-0.000000,-0.000000,-0.000000,-0.000000,-0.000000,0.000000,-0.000000,-0.000000,0.000000,-0.000000,-0.000000,0.000000,-0.000000,0.000000,0.000000,-0.000000,-0.000000,-0.000000
0.000000,-0.000000,0.000000,0.000000,0.000000,0.000000,0.000000,-0.000000,-0.000000,-0.000000,0.000000,0.000000,-0.000000,-0.000000,-0.000000,0.000000,0.001366,0.001467,0.000504,0.001361,-0.004596,0.001449,0.000000,0.000000,-0.000000
0.000000,-0.000000,-0.000000,0.000000,0.000000,-0.000000,0.000000,-0.000000,0.000000,0.000000,-0.000000,-0.000000,0.000000,-0.000000,-0.000000,0.000000,-0.001036,-0.002655,0.000777,-0.004775,-0.000011,0.000681,-0.000000,-0.000000,-0.000000
-0.000000,-0.000000,0.000000,0.000000,-0.000000,0.000000,-0.000000,-0.000000,0.000000,0.000000,0.000000,-0.000000,0.000000,0.000000,0.000000,0.000000,0.001970,0.002115,0.000726,0.001962,-0.006627,0.002089,-0.006921,0.001062,0.004959
0.000000,-0.000000,-0.000000,0.000000,-0.000000,0.000000,-0.000000,0.000000,-0.000000,-0.000000,-0.000000,-0.000000,0.000000,0.000000,0.000000,-0.000000,-0.001494,-0.003828,0.001120,-0.006884,-0.000016,0.000982,-0.001481,-0.005062,0.000567
0.000000,0.000000,0.000000,-0.000000,-0.000000,0.000000,-0.000000,0.000000,0.000000,0.000000,0.000000,0.000000,0.000000,-0.000000,0.000000,0.000000,-0.000000,-0.000000,0.000000,0.000000,0.000000,0.000000,0.000000,-0.000000,-0.000000
0.000000,0.000000,0.000000,0.000000,-0.000000,-0.000000,-0.000000,0.000000,0.000000,0.000000,-0.000000,0.000000,-0.000000,-0.000000,-0.000000,0.000000,0.000000,0.000000,0.000000,-0.000000,0.000000,0.000000,0.000000,-0.000000,0.000000
0.000000,0.000000,-0.000000,-0.000000,0.000000,-0.000000,-0.000000,-0.000000,0.000000,0.000000,0.000000,0.000000,0.000000,-0.000000,-0.000000,0.000000,-0.000281,0.000908,0.000533,-0.002123,0.001083,-0.000235,-0.000000,-0.000000,-0.000000
-0.000000,0.000000,0.000000,-0.000000,-0.000000,0.000000,-0.000000,0.000000,0.000000,0.000000,-0.000000,0.000000,-0.000000,0.000000,-0.000000,-0.000000,-0.000769,0.001440,0.003033,-0.000032,0.001652,0.004909,-0.000000,-0.000000,-0.000000
-0.000000,0.000000,-0.000000,-0.000000,0.000000,-0.000000,-0.000000,-0.000000,0.000000,-0.000000,-0.000000,0.000000,-0.000000,0.000000,0.000000,0.000000,-0.000406,0.001309,0.000769,-0.003060,0.001562,-0.000339,-0.000692,-0.001218,0.001766
0.000000,0.000000,-0.000000,-0.000000,-0.000000,0.000000,-0.000000,0.000000,-0.000000,-0.000000,-0.000000,0.000000,-0.000000,-0.000000,0.000000,0.000000,-0.001109,0.002076,0.004373,-0.000046,0.002381,0.007077,0.001207,0.007878,0.000074
0.000000,0.000000,0.000000,0.000000,-0.000000,0.000000,-0.000000,0.000000,-0.000000,0.000000,0.000000,-0.000000,-0.000000,0.000000,0.000000,-0.000000,-0.000000,-0.000000,-0.000000,-0.000000,0.000000,0.000000,0.000000,-0.000000,-0.000000
0.000000,0.000000,0.000000,-0.000000,0.000000,0.000000,0.000000,-0.000000,0.000000,0.000000,-0.000000,0.000000,-0.000000,0.000000,-0.000000,0.000000,0.001970,0.002115,0.000726,0.001962,-0.006627,0.002089,0.006921,-0.001062,-0.004959
-0.000000,-0.000000,0.000000,-0.000000,0.000000,0.000000,0.000000,-0.000000,-0.000000,0.000000,-0.000000,0.000000,0.000000,-0.000000,0.000000,-0.000000,-0.001494,-0.003828,0.001120,-0.006884,-0.000016,0.000982,0.001481,0.005062,-0.000567
0.000000,-0.000000,0.000000,0.000000,-0.000000,-0.000000,0.000000,0.000000,-0.000000,0.000000,-0.000000,0.000000,0.000000,0.000000,-0.000000,0.000000,0.002429,0.002609,0.000896,0.002420,-0.008172,0.002576,-0.000000,-0.000000,0.000000
0.000000,-0.000000,0.000000,-0.000000,0.000000,-0.000000,-0.000000,0.000000,0.000000,0.000000,-0.000000,0.000000,-0.000000,-0.000000,-0.000000,0.000000,-0.001842,-0.004721,0.001381,-0.008489,-0.000020,0.001211,0.000000,0.000000,0.000000
-0.000000,-0.000000,0.000000,-0.000000,-0.000000,-0.000000,-0.000000,-0.000000,0.000000,-0.000000,-0.000000,-0.000000,-0.000000,0.000000,0.000000,0.000000,-0.000406,0.001309,0.000769,-0.003060,0.001562,-0.000339,0.000692,0.001218,-0.001766
-0.000000,-0.000000,-0.000000,-0.000000,-0.000000,-0.000000,-0.000000,-0.000000,0.000000,-0.000000,0.000000,-0.000000,0.000000,0.000000,-0.000000,-0.000000,-0.001109,0.002076,0.004373,-0.000046,0.002381,0.007077,-0.001207,-0.007878,-0.000074
0.000000,-0.000000,0.000000,0.000000,-0.000000,0.000000,-0.000000,-0.000000,-0.000000,0.000000,-0.000000,-0.000000,-0.000000,-0.000000,0.000000,0.000000,-0.000500,0.001615,0.000948,-0.003774,0.001926,-0.000418,0.000000,0.000000,0.000000
-0.000000,0.000000,-0.000000,0.000000,-0.000000,0.000000,-0.000000,-0.000000,-0.000000,-0.000000,0.000000,-0.000000,-0.000000,0.000000,-0.000000,-0.000000,-0.001368,0.002560,0.005392,-0.000056,0.002937,0.008727,0.000000,0.000000,0.000000
-0.000000,-0.000000,0.000000,0.000000,-0.000000,0.000000,-0.000000,0.000000,-0.000000,-0.000000,-0.000000,0.000000,0.000000,-0.000000,0.000000,-0.000000,0.000000,-0.000000,-0.000000,-0.000000,-0.000000,0.000000,0.000000,-0.000000,-0.000000
-0.000000,0.000000,0.000000,0.000000,0.000000,0.000000,-0.000000,0.000000,0.000000,0.000000,-0.000000,0.000000,0.000000,-0.000000,0.000000,0.000000,0.000000,0.000000,0.000000,0.000000,-0.000000,-0.000000,-0.000000,-0.000000,0.000000
-0.000000,0.000000,-0.000000,-0.000000,0.000000,0.000000,0.000000,0.000000,0.000000,-0.000000,-0.000000,-0.000000,-0.000000,0.000000,0.000000,0.000000,-0.000000,0.000000,-0.000000,0.000000,0.000000,0.000000,-0.000000,-0.000000,0.000000
0.000000,-0.000000,-0.000000,0.000000,0.000000,-0.000000,-0.000000,-0.000000,0.000000,0.000000,-0.000000,-0.000000,0.000000,0.000000,-0.000000,-0.000000,-0.000000,-0.000000,0.000000,0.000000,-0.000000,0.000000,-0.000000,-0.000000,0.000000
-0.000000,-0.000000,-0.000000,0.000000,0.000000,0.000000,0.000000,-0.000000,0.000000,-0.000000,-0.000000,-0.000000,0.000000,-0.000000,0.000000,-0.000000,-0.000000,0.000000,-0.000000,-0.000000,0.000000,0.000000,0.000000,-0.000000,-0.000000
0.000000,-0.000000,0.000000,-0.000000,0.000000,-0.000000,0.000000,-0.000000,0.000000,-0.000000,-0.000000,0.000000,0.000000,0.000000,0.000000,-0.000000,0.000000,-0.000000,-0.000000,0.000000,0.000000,0.000000,0.000000,-0.000000,0.000000
0.000000,-0.000000,0.000000,-0.000000,0.000000,0.000000,0.000000,0.000000,-0.000000,-0.000000,-0.000000,0.000000,-0.000000,0.000000,0.000000,0.000000,-0.000000,-0.000000,-0.000000,-0.000000,-0.000000,-0.000000,-0.000000,-0.000000,0.000000
0.000000,-0.000000,0.000000,0.000000,0.000000,-0.000000,-0.000000,0.000000,0.000000,0.000000,0.000000,-0.000000,0.000000,0.000000,0.000000,-0.000000,0.000000,0.000000,-0.000000,-0.000000,-0.000000,0.000000,-0.000000,-0.000000,-0.000000
-0.000000,-0.000000,-0.000000,0.000000,-0.000000,0.000000,-0.000000,-0.000000,-0.000000,-0.000000,0.000000,-0.000000,0.000000,-0.000000,-0.000000,0.000000,-0.000000,0.000000,0.000000,0.000000,-0.000000,0.000000,0.000000,-0.000000,0.000000
0.007863,0.006737,0.003720,-0.017664,0.000001,-0.000000,-0.000000,0.000000,0.021693,-0.001962,-0.014663,-0.008732,0.014768,0.010226,-0.002167,0.001477,-0.000000,0.000000,-0.000000,0.000000,-0.000000,0.000000,-0.000000,0.000000,0.000000
-0.008999,0.000513,-0.017220,-0.007436,-0.000000,-0.000001,0.000000,-0.000001,0.008124,-0.001474,-0.003382,0.026193,0.004739,-0.003297,0.005656,-0.016255,0.000000,-0.000000,0.000000,-0.000000,0.000000,0.000000,-0.000000,0.000000,0.000000
0.007172,0.006145,0.003393,-0.016111,0.022567,0.005156,-0.009751,0.000015,0.000024,-0.000003,-0.000016,-0.000009,-0.013624,-0.009433,0.001999,-0.001363,0.000000,0.000000,-0.000000,0.000000,-0.000000,-0.000000,-0.000000,0.000000,0.000000
-0.008208,0.000468,-0.015706,-0.006782,0.001456,-0.003146,0.001668,-0.024823,0.000009,-0.000002,-0.000005,0.000030,-0.004372,0.003042,-0.005218,0.014995,0.000000,-0.000000,0.000000,-0.000000,0.000000,0.000000,0.000000,-0.000000,0.000000
-0.000000,0.000000,0.000000,-0.000000,-0.000000,-0.000000,0.000000,0.000000,0.000000,0.000000,-0.000000,-0.000000,0.000000,-0.000000,0.000000,0.000000,0.000000,-0.000000,-0.000000,-0.000000,-0.000000,-0.000000,-0.000000,-0.000000,0.000000
0.000000,-0.000000,-0.000000,0.000000,0.000000,0.000000,0.000000,0.000000,-0.000000,-0.000000,0.000000,0.000000,0.000000,0.000000,-0.000000,-0.000000,0.000000,0.000000,-0.000000,-0.000000,-0.000000,-0.000000,-0.000000,-0.000000,0.000000
0.014820,0.007140,-0.010593,0.007089,-0.000000,0.000001,0.000001,-0.000001,0.012917,-0.011168,0.021697,-0.001834,0.006338,-0.011752,-0.012299,-0.000048,0.000000,-0.000000,-0.000000,0.000000,-0.000000,-0.000000,0.000000,-0.000000,-0.000000
-0.008405,0.018342,0.003239,0.003936,0.000000,0.000001,0.000000,-0.000001,0.007889,0.025198,0.008276,0.000039,-0.006987,0.008717,-0.011899,-0.007946,0.000000,-0.000000,-0.000000,0.000000,0.000000,-0.000000,-0.000000,0.000000,0.000000
0.013517,0.006512,-0.009662,0.006466,0.003152,-0.024142,-0.005468,0.002877,0.000015,-0.000012,0.000026,-0.000002,-0.005847,0.010841,0.011346,0.000044,-0.000000,-0.000000,-0.000000,0.000000,0.000000,0.000000,0.000000,-0.000000,-0.000000
-0.007666,0.016730,0.002954,0.003590,0.010470,-0.003409,0.022432,0.002554,0.000009,0.000029,0.000010,0.000000,0.006445,-0.008042,0.010977,0.007330,0.000000,-0.000000,-0.000000,-0.000000,0.000000,-0.000000,0.000000,-0.000000,-0.000000
-0.000000,0.000000,-0.000000,0.000000,-0.000000,0.000000,-0.000000,-0.000000,-0.000000,0.000000,0.000000,0.000000,-0.000000,0.000000,-0.000000,-0.000000,-0.000000,-0.000000,-0.000000,-0.000000,-0.000000,-0.000000,-0.000000,-0.000000,0.000000
0.007172,0.006145,0.003393,-0.016111,-0.022567,-0.005156,0.009751,-0.000015,0.000026,-0.000002,-0.000018,-0.000011,-0.013624,-0.009433,0.001999,-0.001363,0.000000,0.000000,0.000000,-0.000000,0.000000,-0.000000,-0.000000,0.000000,0.000000
-0.008208,0.000468,-0.015706,-0.006782,-0.001456,0.003146,-0.001668,0.024823,0.000010,-0.000001,-0.000003,0.000031,-0.004372,0.003042,-0.005218,0.014995,0.000000,0.000000,-0.000000,0.000000,-0.000000,-0.000000,0.000000,0.000000,0.000000
0.006585,0.005642,0.003115,-0.014793,-0.000001,0.000000,0.000000,-0.000000,-0.018146,0.001641,0.012265,0.007304,0.012888,0.008924,-0.001891,0.001289,0.000000,-0.000000,0.000000,-0.000000,-0.000000,-0.000000,-0.000000,-0.000000,-0.000000
-0.007536,0.000430,-0.014421,-0.006227,0.000000,0.000000,-0.000000,0.000001,-0.006796,0.001233,0.002829,-0.021910,0.004136,-0.002878,0.004936,-0.014185,0.000000,-0.000000,-0.000000,0.000000,0.000000,0.000000,0.000000,-0.000000,-0.000000
0.013517,0.006512,-0.009662,0.006466,-0.003152,0.024142,0.005468,-0.002877,0.000015,-0.000014,0.000024,-0.000002,-0.005847,0.010841,0.011346,0.000044,0.000000,0.000000,-0.000000,0.000000,-0.000000,-0.000000,0.000000,0.000000,0.000000
-0.007666,0.016730,0.002954,0.003590,-0.010470,0.003409,-0.022432,-0.002554,0.000010,0.000029,0.000010,0.000000,0.006445,-0.008042,0.010977,0.007330,-0.000000,0.000000,-0.000000,0.000000,-0.000000,-0.000000,0.000000,-0.000000,-0.000000
0.012411,0.005979,-0.008871,0.005937,0.000000,-0.000000,-0.000001,0.000001,-0.010805,0.009342,-0.018149,0.001534,0.005531,-0.010256,-0.010733,-0.000042,0.000000,0.000000,0.000000,-0.000000,0.000000,0.000000,0.000000,-0.000000,0.000000
-0.007039,0.015361,0.002713,0.003296,-0.000000,-0.000001,-0.000000,0.000001,-0.006599,-0.021078,-0.006923,-0.000033,-0.006097,0.007607,-0.010384,-0.006934,0.000000,0.000000,0.000000,-0.000000,0.000000,0.000000,0.000000,-0.000000,-0.000000
-0.000000,-0.000000,0.000000,0.000000,-0.000000,-0.000000,0.000000,-0.000000,-0.000000,-0.000000,0.000000,0.000000,-0.000000,0.000000,-0.000000,0.000000,-0.000000,-0.000000,-0.000000,-0.000000,0.000000,-0.000000,-0.000000,0.000000,-0.000000
-0.000000,0.000000,-0.000000,-0.000000,-0.000000,0.000000,-0.000000,0.000000,-0.000000,-0.000000,-0.000000,0.000000,-0.000000,-0.000000,0.000000,0.000000,-0.000000,0.000000,0.000000,-0.000000,0.000000,0.000000,0.000000,0.000000,-0.000000
0.000000,-0.000000,0.000000,-0.000000,0.000000,-0.000000,0.000000,0.000000,0.000000,-0.000000,-0.000000,-0.000000,0.000000,-0.000000,0.000000,-0.000000,-0.000000,-0.000000,0.000000,0.000000,-0.000000,-0.000000,0.000000,-0.000000,-0.000000
0.000000,-0.000000,0.000000,-0.000000,-0.000000,-0.000000,0.000000,0.000000,0.000000,-0.000000,-0.000000,0.000000,-0.000000,0.000000,-0.000000,-0.000000,-0.000000,-0.000000,0.000000,0.000000,0.000000,0.000000,-0.000000,0.000000,0.000000
0.000000,-0.000000,-0.000000,0.000000,-0.000000,0.000000,0.000000,0.000000,-0.000000,0.000000,0.000000,0.000000,-0.000000,0.000000,0.000000,0.000000,0.000000,0.000000,-0.000000,0.000000,-0.000000,-0.000000,-0.000000,-0.000000,0.000000
0.000000,0.000000,0.000000,-0.000000,0.000000,-0.000000,0.000000,0.000000,-0.000000,-0.000000,0.000000,-0.000000,-0.000000,0.000000,0.000000,0.000000,-0.000000,0.000000,0.000000,0.000000,0.000000,0.000000,0.000000,0.000000,0.000000
